/*
SQLyog Ultimate v12.08 (64 bit)
MySQL - 5.7.23-log : Database - recitewords
*********************************************************************
*/

/*!40101 SET NAMES utf8 */;

/*!40101 SET SQL_MODE=''*/;

/*!40014 SET @OLD_UNIQUE_CHECKS=@@UNIQUE_CHECKS, UNIQUE_CHECKS=0 */;
/*!40014 SET @OLD_FOREIGN_KEY_CHECKS=@@FOREIGN_KEY_CHECKS, FOREIGN_KEY_CHECKS=0 */;
/*!40101 SET @OLD_SQL_MODE=@@SQL_MODE, SQL_MODE='NO_AUTO_VALUE_ON_ZERO' */;
/*!40111 SET @OLD_SQL_NOTES=@@SQL_NOTES, SQL_NOTES=0 */;
CREATE DATABASE /*!32312 IF NOT EXISTS*/`recitewords` /*!40100 DEFAULT CHARACTER SET latin1 */;

USE `recitewords`;

/*Table structure for table `paper` */

DROP TABLE IF EXISTS `paper`;

CREATE TABLE `paper` (
  `id` bigint(10) NOT NULL AUTO_INCREMENT,
  `name` varchar(50) CHARACTER SET utf8 DEFAULT NULL,
  `nums` bigint(10) DEFAULT '0',
  PRIMARY KEY (`id`)
) ENGINE=InnoDB AUTO_INCREMENT=16 DEFAULT CHARSET=latin1;

/*Data for the table `paper` */

insert  into `paper`(`id`,`name`,`nums`) values (10,'单词1',1399),(11,'第二级小学单词分类未排序',582),(12,'第四级中考常见短语排序版',198),(13,'短语',215),(14,'第三级中考常见单词排序版',997),(15,'第一级零基础单词排序版',456);

/*Table structure for table `student` */

DROP TABLE IF EXISTS `student`;

CREATE TABLE `student` (
  `id` bigint(10) NOT NULL AUTO_INCREMENT,
  `account` varchar(20) CHARACTER SET utf8 DEFAULT NULL,
  `password` varchar(30) CHARACTER SET utf8 DEFAULT NULL,
  PRIMARY KEY (`id`)
) ENGINE=InnoDB AUTO_INCREMENT=8 DEFAULT CHARSET=latin1;

/*Data for the table `student` */

insert  into `student`(`id`,`account`,`password`) values (1,'yyj','yyj123'),(2,'liangzhuowen','123456'),(3,'ahlysys1','q555666'),(4,'ahlysys2','p777666'),(5,'ahlysys3','y555777'),(6,'ahlysys4','l968123'),(7,'ahlysys5','z123456');

/*Table structure for table `student_paper` */

DROP TABLE IF EXISTS `student_paper`;

CREATE TABLE `student_paper` (
  `student_id` bigint(20) NOT NULL,
  `paper_id` bigint(10) NOT NULL,
  `nums` bigint(10) DEFAULT '0',
  PRIMARY KEY (`student_id`,`paper_id`)
) ENGINE=InnoDB DEFAULT CHARSET=latin1;

/*Data for the table `student_paper` */

insert  into `student_paper`(`student_id`,`paper_id`,`nums`) values (1,1,0),(1,2,0),(1,9,2),(1,10,0),(1,11,0),(1,12,0),(1,13,0),(1,14,0),(1,15,0);

/*Table structure for table `student_word` */

DROP TABLE IF EXISTS `student_word`;

CREATE TABLE `student_word` (
  `student_id` bigint(20) NOT NULL,
  `word_id` bigint(20) NOT NULL,
  `goal` tinyint(1) DEFAULT '1' COMMENT '1:正确，2:错误',
  `paper_id` bigint(10) DEFAULT NULL,
  PRIMARY KEY (`student_id`,`word_id`)
) ENGINE=InnoDB DEFAULT CHARSET=latin1;

/*Data for the table `student_word` */

insert  into `student_word`(`student_id`,`word_id`,`goal`,`paper_id`) values (1,1,1,1),(1,2,1,1),(1,1396,1,9),(1,1397,0,9),(1,1398,0,9),(1,1399,0,9),(1,1400,0,9),(1,1401,0,9),(1,1402,0,9),(1,1403,0,9),(1,1404,1,9),(1,1405,0,9),(1,1406,0,9),(1,1407,0,9),(1,1408,0,9),(1,1409,0,9),(1,1410,0,9),(1,1411,0,9),(1,1412,0,9),(1,1413,0,9),(1,1414,0,9),(1,1415,0,9),(1,1416,0,9),(1,1417,0,9),(1,1418,0,9),(1,1419,0,9),(1,1420,0,9),(1,1421,0,9),(1,1422,0,9),(1,1423,0,9),(1,1424,0,9),(1,1425,0,9);

/*Table structure for table `teacher` */

DROP TABLE IF EXISTS `teacher`;

CREATE TABLE `teacher` (
  `id` bigint(10) NOT NULL AUTO_INCREMENT,
  `account` varchar(20) CHARACTER SET utf8 DEFAULT NULL,
  `password` varchar(30) CHARACTER SET utf8 DEFAULT NULL,
  PRIMARY KEY (`id`)
) ENGINE=InnoDB AUTO_INCREMENT=5 DEFAULT CHARSET=latin1;

/*Data for the table `teacher` */

insert  into `teacher`(`id`,`account`,`password`) values (1,'yyj','yyj123'),(2,'liangzhuowen','123456'),(3,'ahlysyt1','66832468'),(4,'ahlysyt2','66832468');

/*Table structure for table `words` */

DROP TABLE IF EXISTS `words`;

CREATE TABLE `words` (
  `id` bigint(20) NOT NULL AUTO_INCREMENT,
  `english` varchar(50) CHARACTER SET utf8 DEFAULT NULL,
  `chinese` varchar(50) CHARACTER SET utf8 DEFAULT NULL,
  `paper_id` bigint(10) DEFAULT NULL,
  PRIMARY KEY (`id`)
) ENGINE=InnoDB AUTO_INCREMENT=5699 DEFAULT CHARSET=latin1;

/*Data for the table `words` */

insert  into `words`(`id`,`english`,`chinese`,`paper_id`) values (1852,'funniest','滑稽的',10),(1853,'land','陆地',10),(1854,'regret','后悔',10),(1855,'task','工作，任务',10),(1856,'abandon','放弃',10),(1857,'ability','能力',10),(1858,'above','在…上面',10),(1859,'abroad','到国外',10),(1860,'absence','缺席',10),(1861,'absent','缺席的，不在场的',10),(1862,'absorb','吸收（液体、气体等）',10),(1863,'abstract','抽象的，理论上的',10),(1864,'abundance','丰富，充裕',10),(1865,'abundant','大量的',10),(1866,'academic','学院的',10),(1867,'accept','承认',10),(1868,'acceptable','可接受的',10),(1869,'accessible','易接近的',10),(1870,'accident','意外事件',10),(1871,'accompany','陪伴，陪同',10),(1872,'accomplish','完成',10),(1873,'accomplishment','成就',10),(1874,'account','账，账目',10),(1875,'accumulated','[医]蓄积的，累积的',10),(1876,'accurate','精确的，准确的',10),(1877,'achieve','取得',10),(1878,'across','穿过',10),(1879,'active','积极的',10),(1880,'activities','活动',10),(1881,'actor','演员（尤指男演员）',10),(1882,'actually','实际上',10),(1883,'adaptation','适应，顺应',10),(1884,'add','增加',10),(1885,'addiction','入迷，嗜好',10),(1886,'additional','额外的，附加的',10),(1887,'address','地址',10),(1888,'adequately','足够地',10),(1889,'administration','管理',10),(1890,'admire','赞赏',10),(1891,'admission','准许进入',10),(1892,'admit','许可进入',10),(1893,'adore','爱慕',10),(1894,'adult','成熟的',10),(1895,'advance','（使）前进',10),(1896,'advancement','前进，进步',10),(1897,'advanture','adventure冒险活动',10),(1898,'adventure','冒险活动',10),(1899,'advertise','做广告',10),(1900,'advertisement','广告，宣传',10),(1901,'advice','劝告',10),(1902,'advise','（商业）通知',10),(1903,'affair','事情，事件',10),(1904,'afterwards','然后，后来地',10),(1905,'against','反对',10),(1906,'agenda','议事日程',10),(1907,'agent','代理人',10),(1908,'aggressive','侵略的',10),(1909,'agreement','协定',10),(1910,'agriculture','农业',10),(1911,'aims','瞄准',10),(1912,'aircraft','飞机，航空器，',10),(1913,'airline','航线',10),(1914,'airplane','<美>飞机',10),(1915,'airport','机场',10),(1916,'alarm','惊恐',10),(1917,'album','相册',10),(1918,'alive','活着的',10),(1919,'alone','单独的',10),(1920,'alphabet','字母表',10),(1921,'already','早已',10),(1922,'although','尽管',10),(1923,'altogether','全部地',10),(1924,'ambiguous','含糊的',10),(1925,'ambulance','救护车',10),(1926,'among','（表示牵涉）经过',10),(1927,'amount','量，数量',10),(1928,'amusing','有趣',10),(1929,'analysis','分析，分解',10),(1930,'analyze','<美>分析',10),(1931,'anger','生气',10),(1932,'angry','生气的',10),(1933,'animals','动物(',10),(1934,'anniversary','周年纪念日',10),(1935,'announce','宣布参加竞选',10),(1936,'annoy','打扰',10),(1937,'annual','每年的',10),(1938,'anxiety','焦虑',10),(1939,'anxious','焦急的',10),(1940,'anymore','（不）再',10),(1941,'apart','相隔',10),(1942,'apartment','寓所',10),(1943,'apologize','道歉',10),(1944,'apparently','据说',10),(1945,'appeal','上诉',10),(1946,'appear','出现',10),(1947,'appetite','欲望',10),(1948,'applicant','申请人',10),(1949,'application','适用',10),(1950,'apply','应用',10),(1951,'appointment','约会',10),(1952,'appreciate','感激',10),(1953,'approach','接近',10),(1954,'appropriate','适当的',10),(1955,'approximate','约莫的',10),(1956,'architects','建筑师',10),(1957,'area','地区',10),(1958,'around','大约',10),(1959,'arouse','引起',10),(1960,'arrange','分类',10),(1961,'arrival','到达',10),(1962,'article','文章',10),(1963,'artificial','人造的',10),(1964,'artist','艺术家',10),(1965,'artistic','艺术的',10),(1966,'artwork','艺术品',10),(1967,'aslepp','睡着的',10),(1968,'aspect','方面',10),(1969,'assessment','评估',10),(1970,'assists','协助次数',10),(1971,'associate','（使）发生联系',10),(1972,'astonish','惊讶',10),(1973,'atmosphere','大气',10),(1974,'attack','攻击',10),(1975,'attend','出席',10),(1976,'attention','注意',10),(1977,'attitude','态度',10),(1978,'attract','吸引',10),(1979,'attraction','吸引',10),(1980,'attractive','有魅力的',10),(1981,'audience','观众',10),(1982,'august','令人敬畏的',10),(1983,'aunt','阿姨',10),(1984,'author','著作家',10),(1985,'authority','权威',10),(1986,'available','可获得的',10),(1987,'avenue','林荫路',10),(1988,'average','平常的',10),(1989,'avidence','证词',10),(1990,'aviod','避免',10),(1991,'avoid','避开',10),(1992,'award','授予',10),(1993,'aware','意识到的',10),(1994,'awareness','察觉',10),(1995,'awful','糟糕的',10),(1996,'awkward','令人尴尬的',10),(1997,'background','（画等的）背景',10),(1998,'balance','平衡',10),(1999,'ballet','芭蕾舞',10),(2000,'bamboo','竹子',10),(2001,'band','带',10),(2002,'bank','银行',10),(2003,'barbecue','烤架',10),(2004,'basement','地下室',10),(2005,'basic','基本的',10),(2006,'bathroom','浴室',10),(2007,'beach','海滩',10),(2008,'bear','熊',10),(2009,'beat','（心脏等）跳动',10),(2010,'beautiful','美丽的，美好的',10),(2011,'beauty','美好',10),(2012,'bedtime','就寝时间',10),(2013,'behavior','行为',10),(2014,'behind','（表示位置）在…的后面',10),(2015,'belief','信，信任',10),(2016,'belonging','附属品',10),(2017,'beneath','在…的下方',10),(2018,'benifit','利益',10),(2019,'betrayal','背叛，背信',10),(2020,'between','在…之间',10),(2021,'beyond','超过',10),(2022,'bicycle','自行车',10),(2023,'biggest','大的',10),(2024,'bill','账单',10),(2025,'billion','十亿',10),(2026,'biology','生物学',10),(2027,'black','黑（色）的',10),(2028,'blame','指责',10),(2029,'blank','空白的',10),(2030,'bless','祝福',10),(2031,'blind','失明的',10),(2032,'boating','划船',10),(2033,'boil','煮沸',10),(2034,'book','书',10),(2035,'bookcase','书橱',10),(2036,'bookshelves','书架',10),(2037,'boring','无聊的',10),(2038,'borrow','借入',10),(2039,'bother','烦扰',10),(2040,'brain','脑',10),(2041,'branch','树枝',10),(2042,'brand','[商]商标',10),(2043,'brave','勇敢的',10),(2044,'break','（使）破',10),(2045,'breakfast','早餐',10),(2046,'bridge','桥',10),(2047,'brief','短暂的',10),(2048,'bright','明亮的',10),(2049,'brightness','亮度',10),(2050,'brilliant','明亮的',10),(2051,'broaden','使变宽',10),(2052,'brown','棕色的',10),(2053,'budget','预算',10),(2054,'building','建筑物',10),(2055,'burden','负担',10),(2056,'burst','爆裂',10),(2057,'business','商业',10),(2058,'busy','忙碌的',10),(2059,'calculate','计算',10),(2060,'call','呼唤',10),(2061,'calm','镇定的',10),(2062,'campaign','运动',10),(2063,'campus','校园',10),(2064,'cancel','取消',10),(2065,'capital','首都',10),(2066,'careful','仔细的',10),(2067,'carpenter','木工',10),(2068,'carpet','地毯',10),(2069,'carriage','运输',10),(2070,'carry','支撑',10),(2071,'cartoons','漫画(',10),(2072,'casual','偶然的',10),(2073,'cause','原因',10),(2074,'cautious','小心的，谨慎的',10),(2075,'ceiling','天花板',10),(2076,'celebration','庆祝',10),(2077,'central','中央的',10),(2078,'centre','中心',10),(2079,'century','百年',10),(2080,'ceremony','典礼',10),(2081,'certain','某一',10),(2082,'certainly','无疑',10),(2083,'chair','椅子',10),(2084,'challenge','挑战',10),(2085,'chance','机会',10),(2086,'changeable','很可能变化的',10),(2087,'channel','频道，波道',10),(2088,'character','性格',10),(2089,'charge','装载',10),(2090,'cheap','便宜的',10),(2091,'check','检查，核对',10),(2092,'cheerful','欢乐的',10),(2093,'chemical','化学的',10),(2094,'chemistry','化学',10),(2095,'chess','棋，国际象棋',10),(2096,'chick','小鸡',10),(2097,'chicken','鸡',10),(2098,'childhood','童年',10),(2099,'choice','选择',10),(2100,'chopstick','筷子',10),(2101,'church','[宗]教堂',10),(2102,'circumstance','环境',10),(2103,'citizen','公民',10),(2104,'clarify','使清楚',10),(2105,'classic','典型的',10),(2106,'classical','古典的',10),(2107,'classmate','（同班）同学',10),(2108,'cleanup','清扫',10),(2109,'clever','聪明的',10),(2110,'climate','气候',10),(2111,'climb','攀登',10),(2112,'clock','钟，时钟',10),(2113,'closedown','（尤指永久的）停工',10),(2114,'cloudy','多云的',10),(2115,'code','行为准则',10),(2116,'coffee','咖啡豆',10),(2117,'coincidence','巧合',10),(2118,'colleagues','同事',10),(2119,'collect','收集',10),(2120,'collection','收集',10),(2121,'college','大学',10),(2122,'colourful','颜色鲜艳的',10),(2123,'comedy','喜剧',10),(2124,'comflict','冲突',10),(2125,'comfortable','舒适的',10),(2126,'comment','评论',10),(2127,'comments','批评',10),(2128,'commercial','商业的',10),(2129,'commitment','承诺',10),(2130,'common','普通的',10),(2131,'communication','通讯',10),(2132,'community','社区',10),(2133,'compare','比较',10),(2134,'compassion','怜悯，同情',10),(2135,'compensate','补偿，赔偿',10),(2136,'compete','竞赛',10),(2137,'competition','竞争',10),(2138,'competitor','竞争者',10),(2139,'complete','（用以强调）完全的',10),(2140,'complex','复杂的',10),(2141,'compromise','妥协',10),(2142,'compulsory','必须做的',10),(2143,'computer','电脑',10),(2144,'concept','观念',10),(2145,'concern','涉及，关系到',10),(2146,'concert','音乐会',10),(2147,'conclusion','结论',10),(2148,'condition','状态',10),(2149,'conduct','组织',10),(2150,'confidence','信心',10),(2151,'confident','确信的，深信的',10),(2152,'confirm','[法]确认，批准',10),(2153,'conflict','冲突',10),(2154,'confuse','使困窘',10),(2155,'congratulations','祝贺',10),(2156,'connect','连接，联结',10),(2157,'connection','连接',10),(2158,'conscious','有意识的',10),(2159,'consequently','所以，因此',10),(2160,'consider','考虑',10),(2161,'consideration','考虑，考察',10),(2162,'constant','不断的',10),(2163,'construct','修建',10),(2164,'consume','消耗',10),(2165,'consumption','消费',10),(2166,'contemporary','当代的',10),(2167,'content','内容',10),(2168,'continue','持续',10),(2169,'contraction','收缩',10),(2170,'contribute','贡献出',10),(2171,'control','控制',10),(2172,'convenient','方便的',10),(2173,'conversation','交谈，会话',10),(2174,'convince','使相信',10),(2175,'copy','复制品',10),(2176,'corn','<英>谷物',10),(2177,'corporate','法人的',10),(2178,'country','国家',10),(2179,'couple','对，双',10),(2180,'course','课程',10),(2181,'court','法院',10),(2182,'craft','手艺',10),(2183,'crazy','疯狂的',10),(2184,'creat','Combined',10),(2185,'creation','制造，创造',10),(2186,'creative','创造性的，有创造力的',10),(2187,'creature','生物，动物',10),(2188,'credits','节目前后字幕',10),(2189,'criteria','（批评、判断等的）标准，准则',10),(2190,'crop','农作物',10),(2191,'crowd','人群',10),(2192,'crowded','水泄不通的',10),(2193,'culture','文化',10),(2194,'cupboard','橱柜',10),(2195,'cure','治愈',10),(2196,'curiosity','好奇心',10),(2197,'curious','好奇的',10),(2198,'curtain','窗帘',10),(2199,'customer','顾客',10),(2200,'cycle','循环，周期',10),(2201,'daily','每日的',10),(2202,'damage','损害',10),(2203,'damp','微湿的，潮湿的',10),(2204,'dark','黑暗的',10),(2205,'darkness','黑暗',10),(2206,'deals','（一笔）交易(',10),(2207,'debate','讨论',10),(2208,'debt','债务',10),(2209,'decade','十年，十年间',10),(2210,'decision','决定',10),(2211,'declare','宣布',10),(2212,'decline','下降',10),(2213,'declined','辞谢，谢绝)',10),(2214,'decoration','装饰，装潢',10),(2215,'defeat','击败，战胜',10),(2216,'define','规定',10),(2217,'degree','[乐]音阶，度',10),(2218,'delay','延迟，拖延',10),(2219,'delicate','微妙的',10),(2220,'delicious','美味的',10),(2221,'delight','快乐，高兴',10),(2222,'delightful','令人非常高兴的，讨人喜欢的',10),(2223,'deliver','发表',10),(2224,'delivery','传送，投递',10),(2225,'dentist','牙科医生',10),(2226,'department','部门，部',10),(2227,'deposit','储蓄，存款',10),(2228,'describe','描写，形容',10),(2229,'design','设计',10),(2230,'desire','希望',10),(2231,'desition','决定',10),(2232,'desktop','桌面',10),(2233,'dessert','餐后甜食',10),(2234,'destination','目的，目标',10),(2235,'determine','（使）下决心',10),(2236,'developed','先进的',10),(2237,'device','装置',10),(2238,'dialogue','对话',10),(2239,'diary','日记，日志',10),(2240,'diet','日常饮食',10),(2241,'difference','差别',10),(2242,'difficulty','困难',10),(2243,'digest','消化',10),(2244,'digital','数字的',10),(2245,'direct','直接的',10),(2246,'direction','方向',10),(2247,'directly','直接地',10),(2248,'director','主管，主任',10),(2249,'dirt','泥土',10),(2250,'disability','无力，无能',10),(2251,'disable','使无能力',10),(2252,'disadvantage','不利',10),(2253,'disappear','不见，消失',10),(2254,'disappointing','令人失望的',10),(2255,'disapproving','不满的，反对的',10),(2256,'disaster','灾难',10),(2257,'disbelief','不相信，怀疑',10),(2258,'discount','打折扣，减价出售',10),(2259,'discourage','使气馁',10),(2260,'discouraging','令人沮丧的',10),(2261,'discover','发现',10),(2262,'discovery','发现',10),(2263,'discrimination','歧视',10),(2264,'discription','菜单说明',10),(2265,'discussion','讨论，谈论',10),(2266,'disease','疾病',10),(2267,'dishes','盘',10),(2268,'dishonesty','不诚实',10),(2269,'dislike','不喜欢',10),(2270,'displace','移动，移走',10),(2271,'distance','距离，路程',10),(2272,'distribute','分配，散布',10),(2273,'districk','地区',10),(2274,'district','地区',10),(2275,'disturb','打扰，妨碍',10),(2276,'diverse','多种多样的',10),(2277,'diversity','多样化',10),(2278,'divide','分开',10),(2279,'dizzy','头昏眼花的',10),(2280,'do homework','做作业',10),(2281,'document','（计算机）文档，证件',10),(2282,'donate','（尤指向慈善机构）捐赠',10),(2283,'donation','捐赠',10),(2284,'double','双的',10),(2285,'doubling','成双',10),(2286,'doubt','怀疑，疑虑',10),(2287,'doubtful','难以预测的',10),(2288,'download','下载',10),(2289,'downtown','市中心区',10),(2290,'drawback','缺点',10),(2291,'driver','驾驶员',10),(2292,'dry','干的干燥的',10),(2293,'dull','钝的',10),(2294,'dumpling','汤团，饺子',10),(2295,'dusty','布满灰尘的',10),(2296,'duty','职责',10),(2297,'dynasty','王朝',10),(2298,'eager','渴望的',10),(2299,'eagerness','渴望',10),(2300,'earn','赚得',10),(2301,'easily','容易地',10),(2302,'edge','边',10),(2303,'education','教育',10),(2304,'effect','影响',10),(2305,'effective','有效的',10),(2306,'effort','努力',10),(2307,'elderly','上了年纪的',10),(2308,'electric','电的',10),(2309,'elegant','（人或其举止）优美的',10),(2310,'eliminate','排除',10),(2311,'email','电子邮件',10),(2312,'embarrassed','局促不安的',10),(2313,'embarrassing','使人尴尬的',10),(2314,'emergency','紧急情况',10),(2315,'emission','排放',10),(2316,'emotion','情感',10),(2317,'employee','雇工',10),(2318,'empty','空的',10),(2319,'enable','使能够',10),(2320,'encourage','鼓励',10),(2321,'enemy','仇敌',10),(2322,'energe','积极地',10),(2323,'energy','[物]能量',10),(2324,'energy','能量',10),(2325,'engineer','技师',10),(2326,'enjoyble','快乐的',10),(2327,'enough','足够地',10),(2328,'ensure','确保',10),(2329,'enter','into',10),(2330,'entertainment','消遣',10),(2331,'entire','全部的',10),(2332,'entrance','入口，进口',10),(2333,'environmental','（个人）环境的',10),(2334,'equal','相等的',10),(2335,'equipment','装备',10),(2336,'escape','逃脱',10),(2337,'especially','尤其地',10),(2338,'europe','欧洲',10),(2339,'evaluate','评价',10),(2340,'event','大事',10),(2341,'eventually','最后',10),(2342,'evidence','证词',10),(2343,'evolution','演变',10),(2344,'exactly','精确地',10),(2345,'examine','调查',10),(2346,'examples','例子',10),(2347,'excellent','卓越的',10),(2348,'exceptionary','特殊地',10),(2349,'exchange','交换',10),(2350,'excited','激动的',10),(2351,'exciting','令人激动的',10),(2352,'excuse','原谅',10),(2353,'exercise','练习',10),(2354,'exhibit','展览',10),(2355,'exhibition','陈列，展览',10),(2356,'exist','存在',10),(2357,'existance','实在',10),(2358,'expantion','扩大',10),(2359,'expect','期望',10),(2360,'expense','费用',10),(2361,'expensive','昂贵的',10),(2362,'experience','体验',10),(2363,'experiment','实验',10),(2364,'experimentally','实验（性）地',10),(2365,'expert','专家',10),(2366,'explain','讲解',10),(2367,'explanation','解释',10),(2368,'exploration','探险',10),(2369,'explore','勘查，',10),(2370,'exporter','出口商',10),(2371,'expose','揭露，揭发',10),(2372,'express','表达',10),(2373,'extinction','熄灭',10),(2374,'extinguish','熄灭（火）',10),(2375,'extra','附加的',10),(2376,'extremely','极端地',10),(2377,'faceless','匿名的',10),(2378,'fair','公平的',10),(2379,'fairwork','结对活动',10),(2380,'familiar','熟悉的',10),(2381,'families','家',10),(2382,'famous','出名的',10),(2383,'fantastic','极好的',10),(2384,'farmers','农场主',10),(2385,'farther','更远地',10),(2386,'fat','肥的',10),(2387,'favorable','赞同的',10),(2388,'favourable','良好的',10),(2389,'fear','害怕',10),(2390,'february','二月',10),(2391,'fecommend','推荐',10),(2392,'federal','联邦（制）的',10),(2393,'feeding','给食',10),(2394,'feelings','感情',10),(2395,'female','女性的',10),(2396,'fence','栅栏',10),(2397,'festival','节日',10),(2398,'fiction','小说',10),(2399,'field','田',10),(2400,'fight','战斗',10),(2401,'film','影片',10),(2402,'finalish','定稿',10),(2403,'finally','最后，终于',10),(2404,'financial','财政的',10),(2405,'findings','发现物',10),(2406,'fireworks','烟火',10),(2407,'firm','坚牢的',10),(2408,'fit','（使）适合',10),(2409,'flame','火焰',10),(2410,'flexible','灵活的',10),(2411,'flight','（物体的）飞行',10),(2412,'floors','底',10),(2413,'flower','花',10),(2414,'following','其次的',10),(2415,'footsteps','足迹',10),(2416,'forbidden','被禁止的',10),(2417,'force','力',10),(2418,'forceful','强有力的',10),(2419,'forecast','预算',10),(2420,'foreign','外交的',10),(2421,'forest','森林',10),(2422,'forget','忘却',10),(2423,'forgive','原谅',10),(2424,'forgiveness','宽恕',10),(2425,'formal','（学校教育或培训）正规的',10),(2426,'fortunately','幸运地',10),(2427,'fox','狐',10),(2428,'france','法兰西',10),(2429,'frankly','直率地（说），坦诚地',10),(2430,'freedom','自主',10),(2431,'frequent','常见的',10),(2432,'fresh','新鲜的',10),(2433,'friendliness','友善',10),(2434,'friendly','亲密的',10),(2435,'friendship','友谊',10),(2436,'frightened','害怕的',10),(2437,'frozen','冷冻的',10),(2438,'fruitful','果实累累的',10),(2439,'fuel','燃料',10),(2440,'function','功能',10),(2441,'fund','基金',10),(2442,'fundamental','基础的',10),(2443,'furniture','家具',10),(2444,'further','更远的',10),(2445,'future','将来的',10),(2446,'gain','获得',10),(2447,'gallon','加仑（容量单位）',10),(2448,'gap','缺口',10),(2449,'garden','花园',10),(2450,'gas','气体',10),(2451,'general','大致的',10),(2452,'generation','一代人',10),(2453,'generous','慷慨的',10),(2454,'germany','德国（欧洲国家）',10),(2455,'globe','球',10),(2456,'goal','目标，目的',10),(2457,'going','boating',10),(2458,'going','camping',10),(2459,'going','shopping',10),(2460,'good','manners',10),(2461,'good','piece',10),(2462,'government','政府',10),(2463,'gradually','逐步地，渐渐地',10),(2464,'graduate','渐变',10),(2465,'graduation','毕业',10),(2466,'grain','谷物，粮食',10),(2467,'grammar','语法',10),(2468,'grateful','感激的，感谢的',10),(2469,'grateful','感激的，感谢的humorous幽默的',10),(2470,'grateful','感激的，感谢的s',10),(2471,'grill','烧烤',10),(2472,'group','组，团体',10),(2473,'growing','生长的',10),(2474,'growth','生长',10),(2475,'guest','客人',10),(2476,'guide','引路',10),(2477,'habits','习惯(',10),(2478,'half','一半的，半个的',10),(2479,'hall','过道，走廊',10),(2480,'handle','（织物、毛皮等的）手感',10),(2481,'happen','发生',10),(2482,'happiness','幸福',10),(2483,'hardship','艰难',10),(2484,'harmony','协调',10),(2485,'harvest','收割',10),(2486,'headache','头痛',10),(2487,'heading','into',10),(2488,'health','健康状况',10),(2489,'healthy','健康的',10),(2490,'heartbreak','心碎，断肠',10),(2491,'helpful','给予帮助的，有益的',10),(2492,'hesitate','犹豫，踌躇',10),(2493,'hidden','隐藏的',10),(2494,'hire','聘用',10),(2495,'hobby','业余爱好',10),(2496,'hole','洞，孔',10),(2497,'homeless','无家可归的',10),(2498,'honor','尊敬',10),(2499,'honored','光荣的：荣幸的',10),(2500,'hopeful','抱有希望的',10),(2501,'hospital','医院',10),(2502,'hotel','旅馆，宾馆，酒店，饭店',10),(2503,'household','家庭，户',10),(2504,'however','不管到什么程度',10),(2505,'huge','巨大的',10),(2506,'human','人，人类',10),(2507,'humorous','幽默的',10),(2508,'humourous','humourous',10),(2509,'hundreds','of',10),(2510,'hunger','饿，饥饿',10),(2511,'hungry','饥饿的',10),(2512,'hunt','打猎',10),(2513,'hurricane','飓风，十二级风',10),(2514,'husband','丈夫',10),(2515,'idea','主意',10),(2516,'identification','鉴定',10),(2517,'identify','识别',10),(2518,'ignore','忽视',10),(2519,'illness','疾病',10),(2520,'imagination','想像，想像力',10),(2521,'imagine','想，设想',10),(2522,'immediately','立即，马上',10),(2523,'impatience','不耐烦',10),(2524,'important','重要的',10),(2525,'impossible','不可能的',10),(2526,'impression','印象，感觉',10),(2527,'improve','提高（土地、地产）的价值',10),(2528,'improved','改良的',10),(2529,'improvement','改进',10),(2530,'inactive','不活动的',10),(2531,'include','包括',10),(2532,'income','收入',10),(2533,'inconsiderate','不替别人着想的',10),(2534,'increase','增加',10),(2535,'indeed','的确',10),(2536,'independent','自主的',10),(2537,'indicate','表明',10),(2538,'industry','工业',10),(2539,'infect','感染',10),(2540,'infer','推断',10),(2541,'infinity','<数>无穷大',10),(2542,'influence','影响',10),(2543,'inform','通知',10),(2544,'information','信息',10),(2545,'informative','提供信息的',10),(2546,'ingredient','（混合物的）组成部分',10),(2547,'injure','损害，毁坏',10),(2548,'insect','虫，昆虫',10),(2549,'insight','洞察力，洞悉',10),(2550,'inspire','鼓舞',10),(2551,'instead','代替',10),(2552,'institute','建立',10),(2553,'institution','（大学、银行等规模大的）机构',10),(2554,'instruction','授课',10),(2555,'instructor','指导者，教师',10),(2556,'instrument','仪器',10),(2557,'intake','吸入，进气',10),(2558,'intelligence','智力',10),(2559,'intention','意图，目的',10),(2560,'interaction','一起活动',10),(2561,'interesting','令人感兴趣',10),(2562,'international','国际的',10),(2563,'interpretation','解释',10),(2564,'interrupt','打断（别人的话等）',10),(2565,'interview','接见',10),(2566,'introduce','介绍',10),(2567,'introduce','提出',10),(2568,'introduction','介绍',10),(2569,'invaluable','非常宝贵的',10),(2570,'invite','邀请',10),(2571,'island','岛，岛屿',10),(2572,'isolate','使隔离',10),(2573,'join','连接',10),(2574,'joke','笑话，玩笑',10),(2575,'journalist','新闻记者',10),(2576,'journey','旅行，观光',10),(2577,'joyful','快乐的',10),(2578,'juicy','多汁的',10),(2579,'jump','跳',10),(2580,'keyword','关键字',10),(2581,'kill','杀死…',10),(2582,'kind','方法',10),(2583,'kindergarten','幼儿园',10),(2584,'kindness','仁慈，善行',10),(2585,'kitchen','厨房',10),(2586,'knee','膝',10),(2587,'knock','短促的敲打（声）',10),(2588,'knowledgeable','知识渊博的',10),(2589,'laboratory','实验室',10),(2590,'lake','湖',10),(2591,'landmark','[航]陆标',10),(2592,'landmark','航]陆标',10),(2593,'language','语言',10),(2594,'latest','最新事物',10),(2595,'least','最小的',10),(2596,'lecture','演讲',10),(2597,'lend','把…借给',10),(2598,'lengthening','（时间或空间）延长',10),(2599,'lesson','教训，训诫',10),(2600,'letter','信',10),(2601,'library','图书馆',10),(2602,'lifestyle','生活方式',10),(2603,'limit','限制',10),(2604,'line','线条',10),(2605,'link','环，节',10),(2606,'lion','狮子',10),(2607,'liquid','液体',10),(2608,'list','清单，目录',10),(2609,'literature','文学',10),(2610,'local','地方的',10),(2611,'location','位置',10),(2612,'locker','寄物柜',10),(2613,'loose','松的',10),(2614,'loud','响亮的',10),(2615,'luggage','<英>行李',10),(2616,'machine','机器，机械',10),(2617,'magazine','弹药库',10),(2618,'magical','魔力的',10),(2619,'mainly','大部分地',10),(2620,'major','主要的',10),(2621,'majority','多数',10),(2622,'mall','购物中心',10),(2623,'manage','使用',10),(2624,'mark','斑点',10),(2625,'market','交易',10),(2626,'masters','大师',10),(2627,'masterwork','极品',10),(2628,'materials','材料',10),(2629,'mature','成熟的',10),(2630,'may','可以',10),(2631,'maybe','也许',10),(2632,'meal','餐，饭',10),(2633,'mealtime','进餐时间',10),(2634,'meaningful','意味深长的',10),(2635,'meant','意味',10),(2636,'median','中央的',10),(2637,'medical','医学的',10),(2638,'medicine','医学',10),(2639,'member','成员',10),(2640,'membership','会员资格',10),(2641,'memory','记忆，记忆力',10),(2642,'mention','提到，说起',10),(2643,'menu','菜单',10),(2644,'mere','仅仅，只不过',10),(2645,'merely','仅仅，只不过',10),(2646,'message','信息',10),(2647,'metal','金属',10),(2648,'method','方法',10),(2649,'middle','中部，中间',10),(2650,'mile','英里',10),(2651,'million','百万',10),(2652,'minerals','矿物',10),(2653,'minimum','最低限度',10),(2654,'minute','分，分钟',10),(2655,'mirror','镜子，反光镜',10),(2656,'misfortune','不幸',10),(2657,'miss','小姐',10),(2658,'mistake','错误',10),(2659,'misunderstanding','误解',10),(2660,'mixture','混合，混杂',10),(2661,'mobile','可移动的',10),(2662,'model','模型',10),(2663,'modern','现代的',10),(2664,'moment','瞬间，片刻',10),(2665,'monitors','监视器',10),(2666,'monument','纪念碑',10),(2667,'mostly','大部分',10),(2668,'motivation','动机',10),(2669,'mountain','山，山岳',10),(2670,'movement','运动',10),(2671,'museum','博物馆',10),(2672,'mushroom','蘑菇',10),(2673,'musician','音乐家',10),(2674,'national','国家的',10),(2675,'native','本国的',10),(2676,'naturally','自然地',10),(2677,'navigation','航行（学）',10),(2678,'nearby','在附近的',10),(2679,'necessary','必要的',10),(2680,'negative','消极的，否认的',10),(2681,'neighbors','<美>邻居，邻国(',10),(2682,'nervous','焦虑的',10),(2683,'nest','（鸟）窝',10),(2684,'network','网',10),(2685,'neverthless','然而',10),(2686,'newly','最近',10),(2687,'newspaper','报纸，报',10),(2688,'noise','噪音',10),(2689,'none','没有人',10),(2690,'normal','正常的',10),(2691,'normally','正常地',10),(2692,'northern','北方的，北部的',10),(2693,'note','笔记',10),(2694,'notice','注意',10),(2695,'november','十一月',10),(2696,'nutritious','滋养的',10),(2697,'objects','物体',10),(2698,'observe','观察',10),(2699,'obtain','得到',10),(2700,'obvious','明显的',10),(2701,'occasion','机会，时机',10),(2702,'occurred','发生',10),(2703,'ocean','洋',10),(2704,'official','行政官员',10),(2705,'offset','抵消',10),(2706,'on','the',10),(2707,'opera','歌剧',10),(2708,'operate','运转',10),(2709,'opinion','意见，主张',10),(2710,'oppose','反对，抗争',10),(2711,'optimistic','乐观主义的',10),(2712,'option','选择（的自由）',10),(2713,'order','命令',10),(2714,'organic','有机（体）的',10),(2715,'organization','组织',10),(2716,'organize','组织',10),(2717,'original','原始的',10),(2718,'originate','引起',10),(2719,'otherwise','否则',10),(2720,'outcome','结果',10),(2721,'outdate','使过时',10),(2722,'outside','在外面',10),(2723,'overjoy','使大喜',10),(2724,'overnight','在晚上',10),(2725,'overweight','超重的',10),(2726,'owed','感激(',10),(2727,'owl','猫头鹰',10),(2728,'owner','物主，所有人',10),(2729,'pacific','太平的',10),(2730,'pack','一群',10),(2731,'page','页',10),(2732,'paid','有报酬的',10),(2733,'pain','痛苦',10),(2734,'painting','绘画',10),(2735,'pancake','烙饼，薄煎饼',10),(2736,'parade','游行',10),(2737,'parking','（车辆等的）停放',10),(2738,'participate','参加某事',10),(2739,'particular','特别的',10),(2740,'passage','（文章的）一段',10),(2741,'passenage','乘客',10),(2742,'passion','热情',10),(2743,'path','小路，路',10),(2744,'patience','耐性',10),(2745,'patient','有耐性的',10),(2746,'patiently','坚韧不拔地',10),(2747,'patterns','榜样(',10),(2748,'payment','支付',10),(2749,'peaceful','和平的',10),(2750,'percent','百分数',10),(2751,'percentage','百分率',10),(2752,'perfect','完美的',10),(2753,'perform','执行',10),(2754,'performance','表演',10),(2755,'perhaps','或许',10),(2756,'period','时期',10),(2757,'permit','准许',10),(2758,'personal','个人的，私人的',10),(2759,'personality','生而为人',10),(2760,'persuade','说服',10),(2761,'phenomenon','事件',10),(2762,'photograghy','摄影导演',10),(2763,'physical','自然（界）的',10),(2764,'pick','挑拣',10),(2765,'piece','，段',10),(2766,'pile','桩',10),(2767,'pioneer','拓荒者',10),(2768,'pipe','管子',10),(2769,'pity','怜悯',10),(2770,'plant','植物，草木',10),(2771,'plastic','塑料制品',10),(2772,'plate','盘子，盆子',10),(2773,'platform','台',10),(2774,'pleasant','可爱的',10),(2775,'pleased','高兴的',10),(2776,'pleasure','愉快',10),(2777,'poem','诗',10),(2778,'poetry','诗，诗歌',10),(2779,'point','点',10),(2780,'poisoning','中毒',10),(2781,'police','警察部门',10),(2782,'politely','委婉地',10),(2783,'pollution','污染（作用）',10),(2784,'popcorn','爆米花',10),(2785,'popular','流行的，大众化的',10),(2786,'population','人口',10),(2787,'portable','手提的',10),(2788,'position','位置，方位',10),(2789,'positive','积极的',10),(2790,'possible','可能的',10),(2791,'postpone','使延期，延缓',10),(2792,'potential','潜在的，有可能的',10),(2793,'pound','英镑',10),(2794,'powerful','强大的',10),(2795,'practical','实践的，实际的',10),(2796,'practice','练习',10),(2797,'praise','赞扬，称赞',10),(2798,'predict','预言，预测',10),(2799,'prefer','更喜欢',10),(2800,'preferred','首选的',10),(2801,'prefession','同业',10),(2802,'preparation','准备，预备',10),(2803,'prepare','准备',10),(2804,'prepared','事先准备好的',10),(2805,'present','现在的',10),(2806,'presentation','提交',10),(2807,'preserve','保护',10),(2808,'president','校长',10),(2809,'pretty','漂亮的',10),(2810,'prevent','预防',10),(2811,'previous','先前的',10),(2812,'price','价钱',10),(2813,'principle','原理',10),(2814,'print','（由底片印出的）照片',10),(2815,'private','私有的，私人的',10),(2816,'prize','奖赏',10),(2817,'probably','大概',10),(2818,'process','过程',10),(2819,'product','产品',10),(2820,'production','生产，制作',10),(2821,'productive','富有成效的',10),(2822,'professionally','专业地，内行地',10),(2823,'professor','教授',10),(2824,'program','程序',10),(2825,'programmer','程序',10),(2826,'progress','进步',10),(2827,'project','放映',10),(2828,'promise','允诺，许诺',10),(2829,'promised','允诺',10),(2830,'promote','促进，推进',10),(2831,'pronunciation','发音',10),(2832,'protection','保护',10),(2833,'proud','自豪的，得意的',10),(2834,'prove','证明',10),(2835,'prove','证明，证实',10),(2836,'provide','供应',10),(2837,'province','省份',10),(2838,'psychology','心理学',10),(2839,'public','公众的，公共的',10),(2840,'publish','出版，发行',10),(2841,'purchase','购买',10),(2842,'purple','紫色',10),(2843,'purple','紫色的',10),(2844,'purpose','意志',10),(2845,'pushchair','折叠式婴儿车',10),(2846,'puzzle','使难解',10),(2847,'puzzled','茫然的',10),(2848,'qualification','授权',10),(2849,'quality','质量，品质',10),(2850,'quick','快的，急速的',10),(2851,'quickly','迅速地',10),(2852,'quiet','清静的',10),(2853,'quietly','平静地',10),(2854,'quit','离开',10),(2855,'quite','相当，很',10),(2856,'radio','无线电',10),(2857,'rain','雨',10),(2858,'rainy','多雨的',10),(2859,'raise','提升',10),(2860,'random','任意的',10),(2861,'rapid','快速的',10),(2862,'rare','罕见的，特殊的',10),(2863,'rarest','最稀罕的',10),(2864,'reaction','反应',10),(2865,'reality','现实，现实性',10),(2866,'reasaurant','饭店',10),(2867,'reasonable','公道的',10),(2868,'rebuild','重建',10),(2869,'receive','收到',10),(2870,'recent','最近的',10),(2871,'recieve','会接受',10),(2872,'recipes','烹饪法',10),(2873,'recite','背诵',10),(2874,'recognition','认识，识别',10),(2875,'recognize','认出',10),(2876,'recommend','推荐',10),(2877,'recommendation','推荐',10),(2878,'reconsider','考虑',10),(2879,'reconsider','重新考虑',10),(2880,'record','记录，记载',10),(2881,'recovery','恢复，复原',10),(2882,'recreate','重现',10),(2883,'recreation','消遣（方式）',10),(2884,'recycle','回收利用',10),(2885,'reduce','减少',10),(2886,'reflect','反射（光、热、声或影像）',10),(2887,'refreshment','提神，精神恢复',10),(2888,'refrigerator','冰箱',10),(2889,'refused','拒绝',10),(2890,'regard','认为',10),(2891,'register','注册',10),(2892,'regretful','后悔的',10),(2893,'regular','有规律的',10),(2894,'regularly','按部就班地',10),(2895,'reintroduce','再引入，再提出',10),(2896,'reject','拒绝',10),(2897,'relationship','关系',10),(2898,'relative','相关的',10),(2899,'relax','（使）轻松',10),(2900,'relaxing','令人轻松的',10),(2901,'relevant','有关的，中肯的',10),(2902,'relief','宽慰，安心',10),(2903,'religious','虔诚的',10),(2904,'remain','剩余物，残骸',10),(2905,'remind','使想起，使记起',10),(2906,'remove','开除',10),(2907,'repair','修理',10),(2908,'repaire','纠正',10),(2909,'repeat','背诵',10),(2910,'replace','替换',10),(2911,'reply','回答，答复',10),(2912,'report','报告',10),(2913,'reporter','记者',10),(2914,'represent','表现，象征',10),(2915,'republic','共和国',10),(2916,'request','要求',10),(2917,'require','要求',10),(2918,'rescue','使免遭损失',10),(2919,'research','追究',10),(2920,'reservation','保留',10),(2921,'resignation','辞职',10),(2922,'respect','尊重',10),(2923,'respectful','有礼貌的',10),(2924,'respectively','各自地',10),(2925,'respond','回答，响应',10),(2926,'responsibility','责任',10),(2927,'responsible','尽责的',10),(2928,'rest','休息',10),(2929,'restaurant','饭店',10),(2930,'restore','归还',10),(2931,'resume','重新开始',10),(2932,'retirement','退职',10),(2933,'review','复习',10),(2934,'revolution','革命',10),(2935,'rewards','报酬',10),(2936,'risk','危险，冒险',10),(2937,'role','作用',10),(2938,'roof','房屋',10),(2939,'room','房间',10),(2940,'roommate','住在同室的人',10),(2941,'root','根，根源',10),(2942,'rough','崎岖不平的',10),(2943,'routine','常规',10),(2944,'royal','王国的，王室的',10),(2945,'rubber','橡胶',10),(2946,'rubbish','垃圾',10),(2947,'rude','粗鲁的',10),(2948,'ruin','破坏，毁灭',10),(2949,'rule','规则，规定',10),(2950,'runway','跑道',10),(2951,'sadness','悲哀',10),(2952,'safety','安全',10),(2953,'salary','薪俸',10),(2954,'salt','盐',10),(2955,'sank','（使）下沉，',10),(2956,'satisfactory','令人满意的',10),(2957,'satisfy','满足',10),(2958,'scared','恐惧的',10),(2959,'scene','场面，现场',10),(2960,'schedule','时刻表，进度表',10),(2961,'scholar','奖学金获得者',10),(2962,'scholarship','奖学金',10),(2963,'schoolmate','同学，校友',10),(2964,'scientific','科学的',10),(2965,'scientists','科学家',10),(2966,'scream','拼命叫喊',10),(2967,'screen','屏幕',10),(2968,'search','搜寻，搜索',10),(2969,'seaside','海滨',10),(2970,'season','季节，季',10),(2971,'seat','席位，座位',10),(2972,'secret','秘密，机密',10),(2973,'section','部分',10),(2974,'select','选择',10),(2975,'selfish','自私的，利己的',10),(2976,'selling','贩卖，出售',10),(2977,'sense','感觉，官能',10),(2978,'sentence','句子',10),(2979,'separate','分开',10),(2980,'september','九月',10),(2981,'serious','严肃的，严重的',10),(2982,'serve','（为…）服务',10),(2983,'service','服务，服侍',10),(2984,'session','开会，会议',10),(2985,'set','放置，安置',10),(2986,'settled','不变的，稳定的',10),(2987,'several','几个的',10),(2988,'shade','遮阳，遮棚',10),(2989,'shake','动摇',10),(2990,'share','分享',10),(2991,'share','股',10),(2992,'sharp','敏锐的',10),(2993,'sheet','纸',10),(2994,'shelf','架子，搁板',10),(2995,'shirt','衬衫，衬衣',10),(2996,'shocked','受震惊的',10),(2997,'short','短的，短暂的',10),(2998,'shoulder','肩膀',10),(2999,'shower','阵雨',10),(3000,'shrink','收缩，皱缩',10),(3001,'shy','害羞的',10),(3002,'sick','恶心的',10),(3003,'sight','视力',10),(3004,'sightseeing','观光，游览',10),(3005,'sign','符号',10),(3006,'signal','信号，暗号',10),(3007,'signature','签名',10),(3008,'significance','意义',10),(3009,'significant','重要的',10),(3010,'silence','沉默，无言',10),(3011,'silent','沉默的，无言的',10),(3012,'silver','银',10),(3013,'similar','类似的',10),(3014,'simple','简单的',10),(3015,'simplicity','简单，朴素',10),(3016,'simplify','简化',10),(3017,'simply','朴素地',10),(3018,'single','单一的',10),(3019,'situation','（人的）情况',10),(3020,'size','大小，尺寸',10),(3021,'skill','技能，技巧',10),(3022,'skilled','有技能的',10),(3023,'sleepy','欲睡的',10),(3024,'slowly','慢腾腾地',10),(3025,'smart','聪明的',10),(3026,'smell','嗅觉',10),(3027,'snack','快餐，点心',10),(3028,'social','社会上的',10),(3029,'soft','软的，柔软的',10),(3030,'solar','太阳的',10),(3031,'sold','卖',10),(3032,'solution','解决',10),(3033,'somewhere','在某处',10),(3034,'sorrow','悲痛',10),(3035,'source','本源',10),(3036,'souvenir','纪念品',10),(3037,'space','空间，太空',10),(3038,'special','特殊的',10),(3039,'specialist','专家',10),(3040,'specific','明确的',10),(3041,'speechless','无言的',10),(3042,'speed','速度',10),(3043,'spend','花钱',10),(3044,'spirit','心灵',10),(3045,'sponser','赞助者',10),(3046,'spoon','匙，调羹',10),(3047,'sport','运动',10),(3048,'spot','地点，场所',10),(3049,'spread','伸开',10),(3050,'stable','稳定的',10),(3051,'staff','全体员工',10),(3052,'staff','参谋',10),(3053,'stage','阶段',10),(3054,'standard','标准，规格',10),(3055,'state','国家',10),(3056,'statistic','统计资料中的一项',10),(3057,'stay','停留',10),(3058,'steady','稳定的，不变的',10),(3059,'steam','蒸汽，雾',10),(3060,'step','步，脚步',10),(3061,'stick','粘贴',10),(3062,'still','仍，仍然',10),(3063,'store','商店',10),(3064,'straight','直的',10),(3065,'stranger','陌生人',10),(3066,'street','大街，街道',10),(3067,'strength','力量',10),(3068,'strengthened','加强，巩固',10),(3069,'strict','精确的',10),(3070,'strong','强的',10),(3071,'stronger','更强壮的',10),(3072,'strongest','强的',10),(3073,'studio','工作室，画室',10),(3074,'studio','工作室',10),(3075,'subject','主题，话题',10),(3076,'substitute','代用',10),(3077,'success','成功，成就',10),(3078,'successful','如愿以偿的',10),(3079,'suddenly','意外地，忽然地',10),(3080,'suggest','建议，提议',10),(3081,'suitable','恰当的',10),(3082,'sum','总数',10),(3083,'summarize','概述',10),(3084,'summer','夏，夏天',10),(3085,'sun','dance<美>太阳舞',10),(3086,'sunny','和煦的：照到阳光的',10),(3087,'sunset','日落（时），薄暮',10),(3088,'sunshine','阳光，日光',10),(3089,'supermarket','超级市场',10),(3090,'supplier','供应商',10),(3091,'supply','供给',10),(3092,'support','支持',10),(3093,'supportive','赞助的',10),(3094,'surely','无疑',10),(3095,'surface','表面',10),(3096,'surprising','惊人的',10),(3097,'survival','幸存，生存',10),(3098,'suspect','猜疑（是）',10),(3099,'switch','开关',10),(3100,'symbol','象征',10),(3101,'sympathy','同感',10),(3102,'system','体系，系统',10),(3103,'tablet','碑，匾',10),(3104,'tank','油[水]箱',10),(3105,'taste','味道',10),(3106,'tasteless','无味的',10),(3107,'tasty','美味的，可口的',10),(3108,'team','队，组',10),(3109,'teamwork','协力',10),(3110,'technique','技巧',10),(3111,'technology','科技（总称）',10),(3112,'teenage','十几岁的',10),(3113,'television','电视，电视机',10),(3114,'temperature','温度',10),(3115,'tend','照料，照顾',10),(3116,'tennis','网球（运动）',10),(3117,'tent','帐篷',10),(3118,'terribly','很',10),(3119,'text','文本，原文',10),(3120,'thankful','感激的',10),(3121,'theater','剧场',10),(3122,'theatre','电影院，戏院',10),(3123,'theme','[乐]主题',10),(3124,'therefore','因此',10),(3125,'thirsty','口渴的',10),(3126,'thoery','理论',10),(3127,'though','虽然，尽管',10),(3128,'thoughtful','沉思的',10),(3129,'thrilled','非常兴奋的',10),(3130,'thrilling','令人兴奋的',10),(3131,'throughout','（表示时间）自始至终',10),(3132,'throw','投掷',10),(3133,'thus','于是，因此',10),(3134,'ticket','票，入场券',10),(3135,'timetable','时刻表',10),(3136,'tips','技巧',10),(3137,'title','标题',10),(3138,'tolerant','宽容的',10),(3139,'tomato','西红柿',10),(3140,'tomorrow','明天，在明日',10),(3141,'tonight','今晚，今夜',10),(3142,'tools','工具',10),(3143,'topic','主题',10),(3144,'total','总计的（金额等）',10),(3145,'totally','全部地',10),(3146,'touch','触摸',10),(3147,'tough','不屈不挠的',10),(3148,'tour','旅行，观光',10),(3149,'tourism','旅游，观光',10),(3150,'tourist','旅行者，观光客',10),(3151,'toward','对于',10),(3152,'towards','朝，向',10),(3153,'toy','玩具，玩物',10),(3154,'track','小路，小道',10),(3155,'trade','贸易',10),(3156,'tradition','传统',10),(3157,'traffic','运输量',10),(3158,'transform','改变',10),(3159,'transition','变迁',10),(3160,'translate','翻译',10),(3161,'transport','运送，运输',10),(3162,'trash','垃圾，废物',10),(3163,'traveling','同行的',10),(3164,'treasure','金银财宝',10),(3165,'trend','走向',10),(3166,'trip','旅游',10),(3167,'trouble','麻烦',10),(3168,'trust','信任',10),(3169,'tube','管，管状物',10),(3170,'typical','典型的',10),(3171,'unbearable','经受不住的',10),(3172,'unbelievable','不可相信的',10),(3173,'uncertain','不确定的',10),(3174,'uncomfortable','不舒服的',10),(3175,'underlined','在…下面画线',10),(3176,'understand','懂，理解',10),(3177,'understanding','理解，懂得',10),(3178,'undoubt','的确地',10),(3179,'unemployed','被解雇的',10),(3180,'unexpected','想不到的，料不到的',10),(3181,'unfortunately','不幸地，遗憾地',10),(3182,'unique','唯一的，仅有的',10),(3183,'universal','普遍的，一般的',10),(3184,'university','综合性大学',10),(3185,'unknown','未知的',10),(3186,'unless','除非，如果不',10),(3187,'unpleasant','使人不愉快的',10),(3188,'unpredictable','无法预言的',10),(3189,'unreal','不真实的，假的',10),(3190,'unwilling','不愿意的，不情愿的',10),(3191,'update','更新，使现代化',10),(3192,'upgrade','向上的斜坡',10),(3193,'upset','打翻，弄翻',10),(3194,'upstairs','在楼上，往楼上',10),(3195,'urge','催促',10),(3196,'urged','力劝',10),(3197,'urgent','急迫的',10),(3198,'useful','有帮助的',10),(3199,'vacation','假期，休假',10),(3200,'vain','徒劳的',10),(3201,'valuable','贵重的，宝贵的',10),(3202,'value','价值，价格',10),(3203,'variety','多样',10),(3204,'various','各种各样的',10),(3205,'vegetable','蔬菜',10),(3206,'vehicle','车辆',10),(3207,'view','看法',10),(3208,'violently','激烈地',10),(3209,'virtual','实质上的，事实上的',10),(3210,'virtue','美德',10),(3211,'visual','视觉的，看得见的',10),(3212,'vivid','生动的',10),(3213,'vocabulary','词汇',10),(3214,'voice','嗓音',10),(3215,'volunteer','志愿者',10),(3216,'voyage','航海航空',10),(3217,'waiter','侍者',10),(3218,'wallets','钱夹',10),(3219,'warm','暖和的，温暖的',10),(3220,'warn','警告，告诫',10),(3221,'weak','柔弱的，虚弱的',10),(3222,'weather','天气，',10),(3223,'website','[通信]网站',10),(3224,'wedding','婚礼',10),(3225,'weigh','称…的重量',10),(3226,'weight','重量，体重',10),(3227,'well-being','幸福',10),(3228,'well-known','熟悉的',10),(3229,'western','西方的',10),(3230,'wheel','轮子',10),(3231,'whether','其中的哪一个',10),(3232,'whole','所有的',10),(3233,'wife','妻子，太太',10),(3234,'window','窗，窗户',10),(3235,'wine','葡萄酒',10),(3236,'within','在内，在里面',10),(3237,'wolf','狼',10),(3238,'wolve','金狼',10),(3239,'wonderful','绝妙的',10),(3240,'wood','木材',10),(3241,'wood','木材',10),(3242,'workshop','车间',10),(3243,'worldwide','全世界的',10),(3244,'worse','更坏的',10),(3245,'worst','最差的',10),(3246,'worthwhile','值得做的',10),(3247,'yesterday','昨天',10),(3248,'yet','但是',10),(3249,'zero','（数字）0',10),(3250,'zones','地区',10),(3251,'pen','钢笔',11),(3252,'pencil','铅笔',11),(3253,'pencil-case','铅笔盒',11),(3254,'ruler','尺子',11),(3255,'book','书',11),(3256,'bag','包',11),(3257,'newspaper','报纸',11),(3258,'schoolbag','书包',11),(3259,'eraser','橡皮',11),(3260,'notebook','笔记本',11),(3261,'Chinese','汉语',11),(3262,'English','英语',11),(3263,'math','数学',11),(3264,'dictionary','词典',11),(3265,'body','身体',11),(3266,'foot','脚',11),(3267,'head','头',11),(3268,'face','脸',11),(3269,'hair','头发',11),(3270,'nose','鼻子',11),(3271,'mouth','嘴',11),(3272,'eye','眼睛',11),(3273,'ear','耳朵',11),(3274,'hand','手',11),(3275,'finger','手指',11),(3276,'leg','腿',11),(3277,'colour','颜色',11),(3278,'red','红',11),(3279,'blue','蓝',11),(3280,'yellow','黄',11),(3281,'green','绿',11),(3282,'white','白',11),(3283,'black','黑',11),(3284,'pink','粉红',11),(3285,'purple','紫',11),(3286,'orange','橙',11),(3287,'brown','棕',11),(3288,'animal','动物',11),(3289,'cat','猫',11),(3290,'dog','狗',11),(3291,'pig','猪',11),(3292,'duck','鸭',11),(3293,'rabbit','兔',11),(3294,'horse','马',11),(3295,'elephant','大象',11),(3296,'fish','鱼',11),(3297,'bird','鸟',11),(3298,'snake','蛇',11),(3299,'mouse','老鼠',11),(3300,'monkey','猴',11),(3301,'panda','熊猫',11),(3302,'lion','狮子',11),(3303,'tiger','老虎',11),(3304,'fox','狐狸',11),(3305,'sheep','绵羊',11),(3306,'chicken','鸡',11),(3307,'friend','朋友',11),(3308,'boy','男孩',11),(3309,'girl','女孩',11),(3310,'mofather','父亲',11),(3311,'ther','母亲',11),(3312,'sister','姐妹',11),(3313,'brother','兄弟',11),(3314,'man','男人',11),(3315,'woman','女人',11),(3316,'Mr','先生',11),(3317,'Miss','小姐',11),(3318,'mom','妈妈',11),(3319,'dad','爸爸',11),(3320,'grandma','祖母',11),(3321,'grandpa','祖父',11),(3322,'baby','婴儿',11),(3323,'kid','小孩',11),(3324,'people','人',11),(3325,'teacher','教师',11),(3326,'student','学生',11),(3327,'doctor','医生',11),(3328,'nurse','护士',11),(3329,'driver','司机',11),(3330,'policeman','男警察',11),(3331,'food','食物',11),(3332,'rice','米饭',11),(3333,'bread','面包',11),(3334,'milk','牛奶',11),(3335,'water','水',11),(3336,'egg','蛋',11),(3337,'fish','鱼',11),(3338,'cake','蛋糕',11),(3339,'hamburger','汉堡包',11),(3340,'biscuit','饼干',11),(3341,'noodles','面条',11),(3342,'meat','肉',11),(3343,'chicken','鸡肉',11),(3344,'ice-cream','冰淇淋',11),(3345,'juice','果汁',11),(3346,'coffee','咖啡',11),(3347,'breakfast','早餐',11),(3348,'lunch','午餐',11),(3349,'supper','晚餐',11),(3350,'dinner','正餐',11),(3351,'sweets','糖果',11),(3352,'chocolate','巧克力',11),(3353,'cheese','奶酪',11),(3354,'sausages','香肠',11),(3355,'chips','薯条',11),(3356,'mooncake','月饼',11),(3357,'fruit','水果',11),(3358,'apple','苹果',11),(3359,'banana','香蕉',11),(3360,'pear','梨',11),(3361,'orange','橙子',11),(3362,'watermelon','西瓜',11),(3363,'potato','土豆',11),(3364,'peach','桃',11),(3365,'watermelon','西瓜',11),(3366,'coconut','椰子',11),(3367,'mango','芒果',11),(3368,'orange','橘',11),(3369,'clothes','衣服',11),(3370,'jacket','夹克衫',11),(3371,'shirt','衬衫',11),(3372,'skirt','短裙子',11),(3373,'dress','连衣裙',11),(3374,'jeans','牛仔裤',11),(3375,'socks','袜',11),(3376,'sweater','毛衣',11),(3377,'coat','上衣',11),(3378,'raincoat','雨衣',11),(3379,'boat','小船',11),(3380,'shorts','短裤',11),(3381,'slippers','拖鞋',11),(3382,'hat','帽子',11),(3383,'cap','便帽',11),(3384,'sunglasses','太阳镜',11),(3385,'tie','领带',11),(3386,'scarf','围巾',11),(3387,'gloves','手套',11),(3388,'bike','自行车',11),(3389,'bus','公共汽车',11),(3390,'train','火车',11),(3391,'ship','轮船',11),(3392,'car','小汽车',11),(3393,'taxi','出租车',11),(3394,'jeep','吉普车',11),(3395,'plane','飞机',11),(3396,'subway','地铁',11),(3397,'window','窗户',11),(3398,'door','门',11),(3399,'desk','课桌',11),(3400,'chair','椅子',11),(3401,'bed','床',11),(3402,'computer','计算机',11),(3403,'board','写字板',11),(3404,'fan','风扇',11),(3405,'light','灯',11),(3406,'teacher\'s desk','讲台',11),(3407,'picture','图画；照片',11),(3408,'wall','墙壁',11),(3409,'floor','地板',11),(3410,'curtain','窗帘',11),(3411,'trash bin','垃圾箱',11),(3412,'closet','壁橱',11),(3413,'mirror','镜子',11),(3414,'football','足球',11),(3415,'present','礼物',11),(3416,'walkman','随身听',11),(3417,'lamp','台灯',11),(3418,'phone','电话',11),(3419,'sofa','沙发',11),(3420,'shelf','书架',11),(3421,'fridge','冰箱',11),(3422,'table','桌子',11),(3423,'TV','电视',11),(3424,'air-conditioner','空调',11),(3425,'key','钥匙',11),(3426,'lock','锁',11),(3427,'photo','照片',11),(3428,'chart','图表',11),(3429,'plate','盘子',11),(3430,'knife','刀',11),(3431,'fork','叉',11),(3432,'spoon','勺子',11),(3433,'chopsticks','筷子',11),(3434,'pot','锅',11),(3435,'gift','礼物',11),(3436,'toy','玩具',11),(3437,'doll','洋娃娃',11),(3438,'ball','球',11),(3439,'balloon','气球',11),(3440,'kite','风筝',11),(3441,'box','盒子',11),(3442,'umbrella','伞',11),(3443,'zipper','拉链',11),(3444,'violin','小提琴',11),(3445,'yo-yo','溜溜球',11),(3446,'nest','鸟窝',11),(3447,'hole','洞',11),(3448,'tube','管子',11),(3449,'tooth brush','牙刷',11),(3450,'menu','菜单',11),(3451,'e-card','电子卡片',11),(3452,'e-mail','电子邮件',11),(3453,'traffic light','交通灯',11),(3454,'money','钱',11),(3455,'medicine','药',11),(3456,'home','家',11),(3457,'room','房间',11),(3458,'bedroom','卧室',11),(3459,'bathroom','卫生间',11),(3460,'kitchen','厨房',11),(3461,'classroom','教室',11),(3462,'school','学校',11),(3463,'park','公园',11),(3464,'library','图书馆',11),(3465,'post office','邮局',11),(3466,'hospital','医院',11),(3467,'cinema','电影院',11),(3468,'bookstore','书店',11),(3469,'farm','农场',11),(3470,'zoo','动物园',11),(3471,'garden','花园',11),(3472,'study','书房',11),(3473,'playground','操场',11),(3474,'canteen','食堂',11),(3475,'teacher\'soffice','教师办公室',11),(3476,'library','图书馆',11),(3477,'gym','体育馆',11),(3478,'wash room','卫生间',11),(3479,'art room','绘画教室',11),(3480,'computer room','计算机教室',11),(3481,'music room','音乐教室',11),(3482,'TVroom','电视机房',11),(3483,'flat','公寓',11),(3484,'company','公司',11),(3485,'factory','工厂',11),(3486,'fruit stand','水果摊',11),(3487,'petshop','宠物商店',11),(3488,'science museum','科学博物馆',11),(3489,'supermarket','超市',11),(3490,'bank','银行',11),(3491,'country','国家',11),(3492,'village','乡村',11),(3493,'city','城市',11),(3494,'sports','体育运动',11),(3495,'science','科学',11),(3496,'Moral Education','思想品德课',11),(3497,'Social Studies','社会课',11),(3498,'China/PRC','中国',11),(3499,'America/USA','美国',11),(3500,'UK','联合王国',11),(3501,'England','英国',11),(3502,'Canada/CAN','加拿大',11),(3503,'Australia','澳大利亚',11),(3504,'NewYork','纽约',11),(3505,'London','伦敦',11),(3506,'Sydney','悉尼',11),(3507,'Moscow','莫斯科',11),(3508,'Cairo','开罗',11),(3509,'cold','寒冷的',11),(3510,'warm','温暖的',11),(3511,'cool','凉爽的',11),(3512,'snowy','下雪的',11),(3513,'sunny','晴朗的',11),(3514,'hot','炎热的',11),(3515,'rainy','下雨的',11),(3516,'windy','有风的',11),(3517,'cloudy','多云的',11),(3518,'weather report','天气预报',11),(3519,'river','河流',11),(3520,'lake','湖泊',11),(3521,'stream','河；溪',11),(3522,'forest','森林',11),(3523,'path','小道',11),(3524,'road','公路',11),(3525,'house','房子',11),(3526,'bridge','桥',11),(3527,'building','建筑物',11),(3528,'rain','雨',11),(3529,'cloud','云',11),(3530,'sun','太阳',11),(3531,'Mountain','山',11),(3532,'sky','天空',11),(3533,'rainbow','彩虹',11),(3534,'wind','风',11),(3535,'air','空气',11),(3536,'flower','花',11),(3537,'grass','草',11),(3538,'tree','树',11),(3539,'seed','种子',11),(3540,'sprout','苗',11),(3541,'plant','植物',11),(3542,'rose','玫瑰',11),(3543,'leaf','叶子',11),(3544,'Monday','星期一',11),(3545,'Tuesday','星期二',11),(3546,'Wednesday','星期三',11),(3547,'Thursday','星期四',11),(3548,'Friday','星期五',11),(3549,'Saturday','星期六',11),(3550,'Sunday','星期日',11),(3551,'weekend','周末',11),(3552,'January','一月',11),(3553,'February','二月',11),(3554,'March','三月',11),(3555,'April','四月',11),(3556,'May','五月',11),(3557,'June','六月',11),(3558,'July','七月',11),(3559,'August','八月',11),(3560,'September','九月',11),(3561,'October','十月',11),(3562,'November','十一月',11),(3563,'December','十二月',11),(3564,'spring','春',11),(3565,'summer','夏',11),(3566,'fall','秋',11),(3567,'winter','冬',11),(3568,'south','南',11),(3569,'north','北',11),(3570,'east','东',11),(3571,'west','西',11),(3572,'left','左边',11),(3573,'right','右边',11),(3574,'have a fever','发烧',11),(3575,'hurt','疼痛',11),(3576,'have a cold','感冒',11),(3577,'have a toothache','牙疼',11),(3578,'have a headache','头疼',11),(3579,'have a sore throat','喉咙疼',11),(3580,'one','一',11),(3581,'two','二',11),(3582,'three','三',11),(3583,'four','四',11),(3584,'five','五',11),(3585,'six','六',11),(3586,'seven','七',11),(3587,'eight','八',11),(3588,'nine','九',11),(3589,'ten','十',11),(3590,'eleven','十一',11),(3591,'twelve','十二',11),(3592,'thirteen','十三',11),(3593,'fourteen','十四',11),(3594,'fifteen','十五',11),(3595,'sixteen','十六',11),(3596,'seventeen','十七',11),(3597,'eighteen','十八',11),(3598,'nineteen','十九',11),(3599,'twenty','二十',11),(3600,'thirty','三十',11),(3601,'forty','四十',11),(3602,'fifty','五十',11),(3603,'sixty','六十',11),(3604,'seventy','七十',11),(3605,'eighty','八十',11),(3606,'ninety','九十',11),(3607,'hundred','百',11),(3608,'first','第一',11),(3609,'second','第二',11),(3610,'third','第三',11),(3611,'fourth','第四',11),(3612,'fifth','第五',11),(3613,'eighth','第八',11),(3614,'ninth','第九',11),(3615,'twelfth','第十二',11),(3616,'twentieth','第二十',11),(3617,'big','大的',11),(3618,'small','小的',11),(3619,'long','长的',11),(3620,'tall','高的',11),(3621,'short','短的；矮的',11),(3622,'young','年轻的',11),(3623,'old','旧的；老的',11),(3624,'strong','健壮的',11),(3625,'thin','瘦的',11),(3626,'active','积极活跃的',11),(3627,'quiet','安静的',11),(3628,'nice','好看的',11),(3629,'kind','和蔼亲切的',11),(3630,'strict','严格的',11),(3631,'smart','聪明的',11),(3632,'funny','滑稽可笑的',11),(3633,'tasty','好吃的',11),(3634,'sweet','甜的',11),(3635,'salty','咸的',11),(3636,'sour','酸的',11),(3637,'fresh','新鲜的',11),(3638,'favourite','最喜爱的',11),(3639,'clean','干净的',11),(3640,'tired','疲劳的',11),(3641,'excited','兴奋的',11),(3642,'angry','生气的',11),(3643,'happy','高兴的',11),(3644,'bored','无聊的',11),(3645,'sad','忧愁的',11),(3646,'taller','更高的',11),(3647,'shorter','更矮的',11),(3648,'stronger','更强壮的',11),(3649,'older','年龄更大的',11),(3650,'younger','更年轻的',11),(3651,'bigger','更大的',11),(3652,'heavier','更重的',11),(3653,'longer','更长的',11),(3654,'thinner','更瘦的',11),(3655,'smaller','更小的',11),(3656,'good','好的',11),(3657,'fine','好的',11),(3658,'great','很好的',11),(3659,'heavy','重的',11),(3660,'new','新的',11),(3661,'fat','胖的',11),(3662,'happy','快乐的',11),(3663,'right','对的',11),(3664,'hungry','饥饿的',11),(3665,'cute','逗人喜爱的',11),(3666,'little','小的',11),(3667,'lovely','可爱的',11),(3668,'beautiful','漂亮的',11),(3669,'colourful','色彩鲜艳的',11),(3670,'pretty','漂亮的',11),(3671,'cheap','便宜的',11),(3672,'expensive','昂贵的',11),(3673,'juicy','多汁的',11),(3674,'tender','嫩的',11),(3675,'healthy','健康的',11),(3676,'ill','有病的',11),(3677,'helpful','有帮助的',11),(3678,'high','高的',11),(3679,'easy','简单的',11),(3680,'proud','骄傲的',11),(3681,'sick','有病的',11),(3682,'better','更好的',11),(3683,'higher','更高的',11),(3684,'in','在……里',11),(3685,'on','在……上；在……时候',11),(3686,'under','在……下面',11),(3687,'near','在……的旁边',11),(3688,'behind','在……后边',11),(3689,'nextto','与……相邻',11),(3690,'over','在……上面',11),(3691,'I','我',11),(3692,'we','我们',11),(3693,'you','你；你们',11),(3694,'he','他',11),(3695,'she','她',11),(3696,'it','它',11),(3697,'they','他（她，它）们',11),(3698,'my','我的',11),(3699,'our','我们的',11),(3700,'your','你的；你们的',11),(3701,'his','他的',11),(3702,'her','她的',11),(3703,'play','玩；踢',11),(3704,'swim','游泳',11),(3705,'skate','滑冰',11),(3706,'fly','飞',11),(3707,'jump','跳',11),(3708,'walk','走',11),(3709,'run','跑',11),(3710,'climb','爬',11),(3711,'fight','打架',11),(3712,'swing','荡',11),(3713,'eat','吃',11),(3714,'sleep','睡觉',11),(3715,'like','像，喜欢',11),(3716,'have','有；吃',11),(3717,'turn','转弯',11),(3718,'buy','买',11),(3719,'take','买；带',11),(3720,'live','居住',11),(3721,'teach','教',11),(3722,'go','去',11),(3723,'study','学习',11),(3724,'learn','学习',11),(3725,'sing','唱歌',11),(3726,'dance','跳舞',11),(3727,'row','划',11),(3728,'do homework','做作业',11),(3729,'watch TV','看电视',11),(3730,'read books','读书',11),(3731,'cook the meals','做饭',11),(3732,'water the flowers','浇花',11),(3733,'clean the bedroom','打扫卧室',11),(3734,'make the bed','铺床',11),(3735,'set the table','摆饭桌',11),(3736,'wash the clothes','洗衣服',11),(3737,'do the dishes','洗碗碟',11),(3738,'use a computer','使用计算机',11),(3739,'do morning exercise','晨练；做广播操',11),(3740,'eat breakfast','吃早饭',11),(3741,'eat dinner','吃晚饭',11),(3742,'go to school','上学',11),(3743,'have English class','上英语课',11),(3744,'play sports','进行体育运动',11),(3745,'get up','起床',11),(3746,'climb mountain','爬山',11),(3747,'go shopping','买东西',11),(3748,'play the piano','弹钢琴',11),(3749,'visit grandparents','看望（外）祖父母',11),(3750,'go hiking','去远足',11),(3751,'fly kites','放风筝',11),(3752,'make a snowman','堆雪人',11),(3753,'plant trees','种树',11),(3754,'draw pictures','画画',11),(3755,'cook dinner','做饭',11),(3756,'read book','看书',11),(3757,'answer the phone','接电话',11),(3758,'write a letter','写信',11),(3759,'write an e-mail','写电子邮件',11),(3760,'drink water','喝水',11),(3761,'take pictures','照相',11),(3762,'watch insects','观察昆虫',11),(3763,'pick up leaves','采摘树叶',11),(3764,'do an experiment','做实验',11),(3765,'catch butterflies','捉蝴蝶',11),(3766,'count insects','数昆虫',11),(3767,'collect insects','收集昆虫',11),(3768,'collect leaves','收集树叶',11),(3769,'write a report','写报告',11),(3770,'play chess','下棋',11),(3771,'have a picnic','举行野餐',11),(3772,'get to','到达',11),(3773,'ride a bike','骑自行车',11),(3774,'play the violin','拉小提琴',11),(3775,'make kites','制作风筝',11),(3776,'collect stamps','集邮',11),(3777,'meet','见面',11),(3778,'Welcome','谢谢',11),(3779,'love','爱',11),(3780,'work','工作',11),(3781,'drink','喝',11),(3782,'taste','尝',11),(3783,'smell','闻',11),(3784,'feed','喂养',11),(3785,'shear','剪',11),(3786,'milk','挤奶',11),(3787,'look','看',11),(3788,'guess','猜',11),(3789,'help','帮助',11),(3790,'pass','传递',11),(3791,'show','展示',11),(3792,'use','使用',11),(3793,'clean','打扫',11),(3794,'open','打开',11),(3795,'close','关',11),(3796,'put','放',11),(3797,'read','读',11),(3798,'write','写',11),(3799,'paint','绘画',11),(3800,'tell','告诉',11),(3801,'kick','踢',11),(3802,'bounce','反弹',11),(3803,'ride','骑',11),(3804,'stop','停',11),(3805,'wait','等',11),(3806,'find','寻找',11),(3807,'drive','驾驶',11),(3808,'fold','折',11),(3809,'send','寄',11),(3810,'wash','洗',11),(3811,'shine','照耀',11),(3812,'become','变成',11),(3813,'feel','感觉到',11),(3814,'think','思考',11),(3815,'meet','遇见',11),(3816,'fall','落下',11),(3817,'leave','离开',11),(3818,'wake up','醒来',11),(3819,'put on','穿上',11),(3820,'take off','脱掉',11),(3821,'hang up','挂起',11),(3822,'wear','穿',11),(3823,'go home','回家',11),(3824,'go to bed','上床睡觉',11),(3825,'play computer games','玩电脑游戏',11),(3826,'play chess','下棋',11),(3827,'do housework','做家务',11),(3828,'empty the trash','倒垃圾',11),(3829,'put away the clothes','收拾衣服',11),(3830,'get off','下车',11),(3831,'take a trip','去旅行',11),(3832,'read a magazine','阅读杂志',11),(3833,'a few','少许， 少数',12),(3834,'a piece of','一块',12),(3835,'best wishes','最美好的祝愿、祝福',12),(3836,'break down','失败',12),(3837,'break into','打断',12),(3838,'break out','（战争、打斗等不愉快事件）突然发生，爆发',12),(3839,'bring down','降（价）',12),(3840,'bring out','出版',12),(3841,'burn off','烧掉，蒸发',12),(3842,'by chance','偶然地，意外地',12),(3843,'by the way','顺便地，附带说说',12),(3844,'care about','关心',12),(3845,'chat with','与某人闲聊某事',12),(3846,'come from','来自某处',12),(3847,'come true','实现，成真',12),(3848,'come up with','追赶上',12),(3849,'give up','放弃',12),(3850,'go away','（症状）消失',12),(3851,'go by','时光流逝',12),(3852,'go head','去头',12),(3853,'go on','发生',12),(3854,'good job','做的好',12),(3855,'knock down','拆卸',12),(3856,'lay down','放下',12),(3857,'leave for','动身去',12),(3858,'live with','与…一起生活',12),(3859,'look after','照顾',12),(3860,'look at','看',12),(3861,'look for','寻找（某人或某物）',12),(3862,'look forward to','期望，盼望',12),(3863,'look out','向外看',12),(3864,'lose heart','丧失勇气',12),(3865,'make a difference','有影响',12),(3866,'make fun of','嘲弄， 取笑',12),(3867,'make good use of','善用',12),(3868,'make out','理解',12),(3869,'make up','组成',12),(3870,'make use of','使用，利用',12),(3871,'meet with','偶然遇到',12),(3872,'my pleasure','[用作对谢意的客气回答]愿意为您效劳',12),(3873,'next time','下次',12),(3874,'no matter how','不管如何',12),(3875,'no problem','不麻烦',12),(3876,'no way','决不',12),(3877,'practice makes perfect','熟能生巧',12),(3878,'prepare for','（使）为…作准备',12),(3879,'pround of','骄傲的',12),(3880,'pull off','脱去',12),(3881,'put off','敷衍',12),(3882,'put on weight','体重增加',12),(3883,'put on','增加',12),(3884,'put out','生产',12),(3885,'regard as','把…认作',12),(3886,'sit on','坐落',12),(3887,'so many','很多',12),(3888,'stand by','支持',12),(3889,'stand close to','靠近某人站着',12),(3890,'stay away from','与…保持距离',12),(3891,'stay up','悬在原位上',12),(3892,'stay with','在…家里作客，继续为…工作',12),(3893,'strict with','对…严格',12),(3894,'a cup of','一杯',12),(3895,'according to','根据，按照',12),(3896,'after all','毕竟',12),(3897,'after class','下课后',12),(3898,'after school','放学后',12),(3899,'all right','尚可',12),(3900,'all the time','（在该段时间内）一直',12),(3901,'as a result','结果， 因此',12),(3902,'as long as','只要',12),(3903,'as we all know','我们都知道',12),(3904,'as well','也， 还有',12),(3905,'ask for','请求…',12),(3906,'at first','起初，当初',12),(3907,'at the end of','在…结尾，在…末端',12),(3908,'be afraid of','害怕，担忧',12),(3909,'be confident in','信任',12),(3910,'be good for','值得，有效',12),(3911,'because of','因为，由于',12),(3912,'discuss with','与…讨论（某题目）',12),(3913,'do well as','做得好',12),(3914,'dream of','梦见',12),(3915,'drop down','突然下来',12),(3916,'each other','互相，彼此',12),(3917,'each time','每次，总是',12),(3918,'enjoy yourself','玩的开心、玩得高兴，请自便，请随意',12),(3919,'even though','即使，纵然',12),(3920,'excuse me','对不起',12),(3921,'eye contact','目光接触',12),(3922,'face to face','面对面',12),(3923,'fall asleep','入睡',12),(3924,'fall behind','落后',12),(3925,'fall down','倒塌，跌倒',12),(3926,'find out','发现',12),(3927,'fold up','（因痛苦）不能支撑',12),(3928,'for a long time','长久；且；久；日长岁久',12),(3929,'for a while','暂时',12),(3930,'for example','例如， 譬如',12),(3931,'full of','充满',12),(3932,'full time job','全时工作',12),(3933,'get along with','进展',12),(3934,'get close to','接近',12),(3935,'get through','完成',12),(3936,'give birth to','生（孩子），生育',12),(3937,'give','给予',12),(3938,'go ahead','前进',12),(3939,'good luck','祝您好运',12),(3940,'hand out','分发',12),(3941,'hard working','努力的辛苦',12),(3942,'have a good time','过得愉快， 玩得痛快',12),(3943,'have a nice trip','祝你旅途愉快',12),(3944,'have fun','玩得高兴，过得快活',12),(3945,'head down','使船顺风航行',12),(3946,'hear from','收到…的来信',12),(3947,'hold on','坚持',12),(3948,'host family','寄宿家庭',12),(3949,'how long','多久',12),(3950,'i hope so','我希望如此',12),(3951,'i\'d love to','我很愿意',12),(3952,'i\'m afraid not','恐怕不行。',12),(3953,'in a hurry','立刻',12),(3954,'in a short time','<非正>过了一阵子',12),(3955,'in front of','在…前面',12),(3956,'in need','在危难中，在危急中',12),(3957,'in order to','为了…',12),(3958,'in other words','换句话说',12),(3959,'in the end','最后，结果',12),(3960,'in the past','在过去',12),(3961,'in the way','妨碍',12),(3962,'instead of','（用…）代替…',12),(3963,'join in','参加，加入',12),(3964,'jump up','突然站起',12),(3965,'keep away','（使）不接近',12),(3966,'keep on','继续雇用',12),(3967,'keep up','不减弱， （天气）持续不变',12),(3968,'not at all','别客气',12),(3969,'not only','不但，不仅',12),(3970,'not yet','尚未，还没有',12),(3971,'on business','出差',12),(3972,'on foot','步行',12),(3973,'on one hand','一方面',12),(3974,'on one\'s own','靠自己的力量，独自地',12),(3975,'on sale','有售， 上市',12),(3976,'on the way','在途中，接近',12),(3977,'on time','按时，准时',12),(3978,'once a week','每星期一次',12),(3979,'once upon a time','从前',12),(3980,'out of','由于',12),(3981,'over and over again','一再地',12),(3982,'pass by','经过',12),(3983,'pass on','传递',12),(3984,'pay attention to','注意',12),(3985,'pay for','赔偿',12),(3986,'run away','逃跑，走掉',12),(3987,'run out','用完',12),(3988,'save up','储存起来',12),(3989,'search for','搜索，搜寻',12),(3990,'see off','送行，送别',12),(3991,'set off','出发',12),(3992,'set up','建立',12),(3993,'sit down','坐下',12),(3994,'take action to','采取行动来',12),(3995,'take care of','照顾',12),(3996,'take it easy','不紧张',12),(3997,'take notice of','注意到',12),(3998,'take off','脱掉',12),(3999,'take part in','参加…，参与…活动',12),(4000,'take place','发生，举行',12),(4001,'take up','开始从事',12),(4002,'the form of','形式的',12),(4003,'the number of','…的数目',12),(4004,'the other','是其中的“另一个”',12),(4005,'the rest of','其余的',12),(4006,'the same to you','你也一样；同祝',12),(4007,'to one\'s surprise','使某人惊奇的是',12),(4008,'to tell the truth','说实话',12),(4009,'together with','和…一同，连同…',12),(4010,'too many','多；过多',12),(4011,'try one\'s best to','尽最大努力',12),(4012,'try out','试用，试验',12),(4013,'try to do','试着做某事',12),(4014,'turn around','（使）转身',12),(4015,'turn down','减少，关小',12),(4016,'turn off','（把…）关掉',12),(4017,'turn up','开大',12),(4018,'up and down','上上下下',12),(4019,'use up','用完，耗尽',12),(4020,'watch out','当心',12),(4021,'well done','做得不错',12),(4022,'well known','众所周知的',12),(4023,'what a pity','太遗憾了',12),(4024,'work on','从事于…',12),(4025,'work out','解决',12),(4026,'worry about','担忧， 烦恼',12),(4027,'cut down','裁短',12),(4028,'cut off','切除',12),(4029,'depend on','依赖',12),(4030,'never mind','没关系，不用担心',12),(4031,'turn into','使）变成',13),(4032,'a bit','稍微',13),(4033,'a couple of','两个， 几个',13),(4034,'a lock of','一绺',13),(4035,'a lots of','大量',13),(4036,'a number of','许多的',13),(4037,'a pair of','一双',13),(4038,'a sense of','一种…感觉',13),(4039,'a touch of','有一点',13),(4040,'a variety of','多种的',13),(4041,'according to','根据，按照',13),(4042,'account for','说明（原因、理由等）',13),(4043,'after class','下课后',13),(4044,'agree to do','同意做某事',13),(4045,'agree with','与某人[观点]一致',13),(4046,'all kinds of','各种各类的',13),(4047,'all sorts of','各种各样的',13),(4048,'apply for','申请',13),(4049,'argue with','与…争辩，争论',13),(4050,'as a matter of fact','事实上',13),(4051,'as a result','结果， 因此',13),(4052,'as if','好像',13),(4053,'as long as','只要',13),(4054,'ask for help','求援',13),(4055,'at any time','任何时候',13),(4056,'at home','在家',13),(4057,'at the beginning of','在…之初',13),(4058,'be able to','能，会',13),(4059,'be aware of','知道',13),(4060,'be combined with','与…结合着',13),(4061,'be cover with','以.为掩护',13),(4062,'be directed by','由主导',13),(4063,'be equipped with','装备',13),(4064,'be famous for','因…而著名',13),(4065,'be fortunate to','幸运的是',13),(4066,'be grateful to','感激',13),(4067,'be in debt','负债',13),(4068,'be interested in','对…感兴趣',13),(4069,'be made of','用…造成（用于原材料显而易见的场合）',13),(4070,'be used to','习惯于，适用于',13),(4071,'be using for .','正在使用',13),(4072,'be willing to','乐于',13),(4073,'belong to','属于',13),(4074,'blame for','因…怪罪，责怪（某人）',13),(4075,'break down','失败',13),(4076,'build up','逐步建立',13),(4077,'by accident','偶然地',13),(4078,'carry on','经营',13),(4079,'carry out','执行',13),(4080,'cater for','提供饮食及服务',13),(4081,'change some money','兑换些钱',13),(4082,'chat with','聊天',13),(4083,'check into','到达并在…登记',13),(4084,'clam down','镇静下来',13),(4085,'combined with','化合，联合',13),(4086,'come back','回来',13),(4087,'come down','下来，下落',13),(4088,'come from','来自某处',13),(4089,'come in','进来',13),(4090,'come over','过来',13),(4091,'come through','到达并在…登记',13),(4092,'come to mind','想起来了',13),(4093,'compare to','把…比作， 喻为',13),(4094,'connect with','转乘',13),(4095,'decide to','决定',13),(4096,'decided to','决定要',13),(4097,'depend on','依赖',13),(4098,'discussion with','与.讨论',13),(4099,'dozens of','很多',13),(4100,'drop out','离开，退出',13),(4101,'due to','欠下债[账]，应给予',13),(4102,'eager to do','急于做',13),(4103,'expect to','期许',13),(4104,'fail to do','未能（做）...， 没能（做）...',13),(4105,'fall apart','散开，崩溃，破碎',13),(4106,'fall in love with','爱上',13),(4107,'fall off','减少',13),(4108,'familiar with','熟悉的',13),(4109,'figure out','计算出',13),(4110,'find out','发现',13),(4111,'get away from','逃离',13),(4112,'get back to','（事后）答复，反馈',13),(4113,'get hold of','找到某物以供使用',13),(4114,'get in touch with','和…取得联系',13),(4115,'get out of','摆脱',13),(4116,'get up','（使）起床',13),(4117,'get up close to','靠近',13),(4118,'give a lecture','说课；讲授；主讲；讲演',13),(4119,'give out','分发',13),(4120,'give up','放弃',13),(4121,'glad to do','很高兴',13),(4122,'go on a trip','旅行',13),(4123,'go out of','从…出来，离开',13),(4124,'going on','接近，快到',13),(4125,'going to do','去做',13),(4126,'have a good reason','有充分的理由',13),(4127,'have a meeting','开会',13),(4128,'have an effect on','对…有影响',13),(4129,'in addition','另外',13),(4130,'in advance','在前头',13),(4131,'in case','假使',13),(4132,'in fact','实际上，其实',13),(4133,'in front of','在…前面',13),(4134,'in order to','为了',13),(4135,'in person','亲自，亲身',13),(4136,'in public','公开地，当众',13),(4137,'in short','简而言之，总之',13),(4138,'in time','迟早',13),(4139,'instead of','（用…）代替…',13),(4140,'intend to do','打算做某事',13),(4141,'interested in','对什么感兴趣',13),(4142,'jump up','突然站起',13),(4143,'keep fit','保持健康',13),(4144,'keep in touch with','（与）…保持联系',13),(4145,'keep up with','继续做',13),(4146,'kick off','（足球）中线开球',13),(4147,'less than','小于，决不',13),(4148,'listen up','注意听',13),(4149,'look for a job','找饭碗；找事',13),(4150,'look for','寻找（某人或某物）',13),(4151,'looking forward to','期待',13),(4152,'make a change','对计划作一点更动',13),(4153,'make an apology','赔不是',13),(4154,'make up for','补偿',13),(4155,'make use of','使用',13),(4156,'manage to do','设法做成某事',13),(4157,'meet with','偶然遇到',13),(4158,'move away','离开',13),(4159,'move into','搬进…',13),(4160,'need to do','需要做某事',13),(4161,'no better than','几乎等于',13),(4162,'on board','在船上',13),(4163,'on purpose','并非偶然地',13),(4164,'out of order','故障',13),(4165,'out of the hospital','走出医院',13),(4166,'pay attention to','注意听',13),(4167,'pay for','赔偿',13),(4168,'period of time','时段，一段时间',13),(4169,'pick up','捡起',13),(4170,'plan to do','计划做某事',13),(4171,'planning to','在计划',13),(4172,'plenty of','很多，大量的',13),(4173,'point out','指出，把注意力引向…',13),(4174,'pounds of','几磅',13),(4175,'preferred to','愿去',13),(4176,'put forward','提出',13),(4177,'put in','做',13),(4178,'put into','使处于某种状态',13),(4179,'put off','敷衍',13),(4180,'put on','增加',13),(4181,'put out','生产',13),(4182,'raise awareness of','提高人们的意识',13),(4183,'ran into','跑进',13),(4184,'rather than','（要）…而不…',13),(4185,'reach out','（使）伸出',13),(4186,'refer to','涉及',13),(4187,'relating to','与…有关',13),(4188,'rely on','信赖',13),(4189,'result in','引起',13),(4190,'run the risk of','冒自身危险做某事',13),(4191,'seek out','找出',13),(4192,'seek to do','试图做',13),(4193,'send out','发送',13),(4194,'set a goal','设立目标',13),(4195,'set off','出发',13),(4196,'set out','动身',13),(4197,'set up','建立',13),(4198,'settle down','定居',13),(4199,'show off','使突出',13),(4200,'show up','显而易见',13),(4201,'sit down','坐下',13),(4202,'sit on','坐落',13),(4203,'slip away','不告而别',13),(4204,'speed up','（使）加速',13),(4205,'spell out','拼出，读出',13),(4206,'spread out','伸展，延长',13),(4207,'stand at','站在',13),(4208,'stand for','代表',13),(4209,'stay up','悬在原位上',13),(4210,'stick to','遵守',13),(4211,'struggling with','挣扎着',13),(4212,'suffer from','患（某种病），受（某种病痛）折磨',13),(4213,'supposed to','猜想会',13),(4214,'surrouded by','被什么包围',13),(4215,'take a look','看看',13),(4216,'take advantage of','利用',13),(4217,'take care of','照顾',13),(4218,'take charge of','负责',13),(4219,'take off','脱掉',13),(4220,'take part in','参加…，参与…活动',13),(4221,'take place','发生，举行',13),(4222,'take up','开始从事',13),(4223,'talk with 与','…交谈，想说服',13),(4224,'teach a course','教授课程',13),(4225,'thanks for','多亏',13),(4226,'the amount of','…数量',13),(4227,'the basis of','基础上',13),(4228,'the key to','关键是（在于）',13),(4229,'the number of','…的数目',13),(4230,'think of','考虑',13),(4231,'to begin with','首先，起初',13),(4232,'traffic jam','塞车',13),(4233,'turn around','（使）转身',13),(4234,'turn on','打开（水、电视、收音机、灯、煤气等）',13),(4235,'turn out','结果是',13),(4236,'upside down','颠倒，倒转',13),(4237,'waiting for','等待着',13),(4238,'wake up','醒来',13),(4239,'warn to do','警告做某事',13),(4240,'waste of time','浪费时间的',13),(4241,'when it comes to','当提到…',13),(4242,'with the help of','借助于',13),(4243,'work out','解决',13),(4244,'back off','退回',13),(4245,'learn from','学习',13),(4246,'ability','能力，资格',14),(4247,'above','在…上面',14),(4248,'abroad','到国外，在海外',14),(4249,'accept','承认',14),(4250,'accident','意外事件',14),(4251,'achieve','实现',14),(4252,'acting','代理的',14),(4253,'action','行动，活动',14),(4254,'active','积极的，活跃的',14),(4255,'activity','活动',14),(4256,'actor','演员（尤指男演员）',14),(4257,'add','增加',14),(4258,'address','地址',14),(4259,'advantage','有利条件',14),(4260,'advertisement','广告，宣传',14),(4261,'advice','劝告，忠告',14),(4262,'afford','买得起',14),(4263,'afraid','害怕的',14),(4264,'African','非洲的',14),(4265,'afternoon','下午',14),(4266,'against','反对',14),(4267,'age','年龄',14),(4268,'air','天空',14),(4269,'airline','航线',14),(4270,'airport','机场',14),(4271,'alive','活着的',14),(4272,'allow','允许',14),(4273,'almost','几乎，差不多',14),(4274,'along','一起',14),(4275,'already','早已，已经',14),(4276,'although','尽管',14),(4277,'always','总是，老是',14),(4278,'American','美国人，美洲人',14),(4279,'ancient','古代的，已往的',14),(4280,'animal','动物',14),(4281,'announcement','通告',14),(4282,'anwser','答案',14),(4283,'anything','任何东西',14),(4284,'anyway','无论如何',14),(4285,'appear','出现，显现',14),(4286,'arrive','到达，来',14),(4287,'art','艺术',14),(4288,'artist','艺术家',14),(4289,'Asia','亚洲',14),(4290,'Astralia','澳大利亚，澳洲',14),(4291,'attend','出席',14),(4292,'aunt','阿姨',14),(4293,'autumn','秋',14),(4294,'available','可获得的',14),(4295,'avoid','避开，预防',14),(4296,'background','景',14),(4297,'bank','银行',14),(4298,'bar','条，棒',14),(4299,'baseball','棒球',14),(4300,'basic','基本的',14),(4301,'basket','篮',14),(4302,'beach','海滩，海滨',14),(4303,'beautiful','美丽的，美好的',14),(4304,'beef','牛肉',14),(4305,'beer','啤酒',14),(4306,'begin','开始',14),(4307,'beginner','创始人',14),(4308,'believe','相信',14),(4309,'besides','除了',14),(4310,'better','较好的',14),(4311,'bicycle','自行车',14),(4312,'birthday','生日',14),(4313,'bit','一点，一块',14),(4314,'blackboard','黑板',14),(4315,'blank','空白的',14),(4316,'bloom','花',14),(4317,'blow','殴打，打击',14),(4318,'board','板',14),(4319,'body clock','身体钟，生理节奏',14),(4320,'body','身体',14),(4321,'booklet','小册子',14),(4322,'bookmark','书签',14),(4323,'bookstore','书店',14),(4324,'boring','无聊的，无趣的',14),(4325,'born','bear的过去分词',14),(4326,'borrow','借入',14),(4327,'both','二者，两者都',14),(4328,'bottle','瓶子',14),(4329,'bowl','碗',14),(4330,'brain','脑',14),(4331,'branch','树枝',14),(4332,'brave','勇敢的',14),(4333,'bread','面包',14),(4334,'break','（使）破',14),(4335,'breakfast','早餐，早饭',14),(4336,'bright','明亮的',14),(4337,'bring','带来，引来',14),(4338,'broadcast','广播',14),(4339,'brown','棕色的',14),(4340,'bucket','水桶',14),(4341,'buiding','建筑物',14),(4342,'build','建造，构筑',14),(4343,'burn','（使）燃烧',14),(4344,'businessman','商人',14),(4345,'busy','忙碌的',14),(4346,'cabbage','甘蓝',14),(4347,'cake','蛋糕',14),(4348,'camp','营地，工地宿舍',14),(4349,'Canada','加拿大',14),(4350,'cancel','取消，注销',14),(4351,'candle','蜡烛',14),(4352,'capital','首都',14),(4353,'cardboard','卡（片）纸板',14),(4354,'care','关心',14),(4355,'careless','粗心的',14),(4356,'carrot','胡萝卜',14),(4357,'carry','支撑',14),(4358,'cartoon','漫画',14),(4359,'catch','赶上',14),(4360,'celebrate','庆祝',14),(4361,'celebrate','庆祝',14),(4362,'century','百年，一世纪',14),(4363,'certain','某一',14),(4364,'challenge','挑战',14),(4365,'chance','机会，机遇',14),(4366,'change','改变',14),(4367,'changeable','很可能变化的',14),(4368,'character','性格',14),(4369,'charity','慈善（行为）',14),(4370,'chat','聊天',14),(4371,'cheap','便宜的，廉价的',14),(4372,'cheat','欺骗，诈骗',14),(4373,'check','检查，核对',14),(4374,'cheerful','振奋的',14),(4375,'child','小孩，孩子',14),(4376,'childhood','童年，儿童时代',14),(4377,'children','孩子们',14),(4378,'chocolate','巧克力',14),(4379,'choose','挑选',14),(4380,'classical','古典的，经典的',14),(4381,'classmate','（同班）同学',14),(4382,'classroom','教室，课堂',14),(4383,'clean','干净的',14),(4384,'clever','聪明的，灵巧的',14),(4385,'cleverness','聪明',14),(4386,'climber','登山者，攀登者',14),(4387,'clock','钟，时钟',14),(4388,'cloudy','多云的',14),(4389,'clumsy','笨拙的',14),(4390,'coach','教练',14),(4391,'coal','煤',14),(4392,'coat','上衣，外套',14),(4393,'coin','硬币',14),(4394,'collect','收集',14),(4395,'colorful','富有色彩的',14),(4396,'common','普通的',14),(4397,'communicate','传达，表达',14),(4398,'communication','通讯，通信',14),(4399,'community','社区',14),(4400,'company','公司，商号',14),(4401,'compare','比较，对照',14),(4402,'competition','竞争',14),(4403,'competition','竞争',14),(4404,'complete','用以强调）完全的',14),(4405,'concert','音乐会',14),(4406,'confuse','使困窘',14),(4407,'congratulations','祝贺',14),(4408,'connect','连接，联结',14),(4409,'consider','考虑',14),(4410,'contact','接触',14),(4411,'continue','持续',14),(4412,'control','控制',14),(4413,'conversation','交谈，会话',14),(4414,'corner','角落',14),(4415,'cost','价钱，代价',14),(4416,'cotton','棉',14),(4417,'cough','咳嗽',14),(4418,'count','总数',14),(4419,'country','国家',14),(4420,'countryside','乡村',14),(4421,'couple','对，双',14),(4422,'cow','奶牛，乳牛',14),(4423,'crazy','疯狂的',14),(4424,'cream','乳霜',14),(4425,'creative','创造性的，有创造力的',14),(4426,'crowd','人群',14),(4427,'cry','哭',14),(4428,'culture','文化',14),(4429,'custom','习惯，惯例',14),(4430,'daily','每日的，日常的',14),(4431,'dangerous','危险的',14),(4432,'dare','敢',14),(4433,'dark','黑暗的',14),(4434,'date','日期，日子',14),(4435,'daughter','女儿',14),(4436,'daytime','白天，日间',14),(4437,'dead','死去的',14),(4438,'death','死亡',14),(4439,'December','12月',14),(4440,'decide','决定',14),(4441,'degree','[乐]音阶，度',14),(4442,'delicious','美味的，可口的',14),(4443,'dentist','牙科医生',14),(4444,'depress','压下，压低',14),(4445,'depressing','令人忧愁的，使人沮丧的',14),(4446,'describe','描写，形容',14),(4447,'desicion','决定',14),(4448,'deskmate','同坐一张课桌的学生',14),(4449,'develop','发展',14),(4450,'development','发展，进化',14),(4451,'diary','日记，日志',14),(4452,'dictionary','词典，字典',14),(4453,'die','死亡，熄灭',14),(4454,'difference','差别，差异',14),(4455,'different','不同的',14),(4456,'difficult','困难的',14),(4457,'difficulty','困难，麻烦，难事',14),(4458,'dig','挖掘',14),(4459,'dining','hall',14),(4460,'dinner','正餐，主餐',14),(4461,'direction','方向',14),(4462,'dirty','恶劣的',14),(4463,'discourage','使气馁',14),(4464,'discover','发现',14),(4465,'discovery','发现，发觉',14),(4466,'discuss','讨论，谈论',14),(4467,'discussion','讨论，谈论',14),(4468,'dish','盘',14),(4469,'dislike','不喜欢',14),(4470,'disturb','打扰，妨碍',14),(4471,'donate','（尤指向慈善机构）捐赠',14),(4472,'door','门，户',14),(4473,'double','双的',14),(4474,'doubt','怀疑，疑虑',14),(4475,'down','（坐、倒、躺）下',14),(4476,'Dragon Boat Fstival','端午节',14),(4477,'draw','绘画',14),(4478,'dream','梦想',14),(4479,'dreamer','做梦的人，梦想家',14),(4480,'dress','衣服',14),(4481,'drink','喝（酒）',14),(4482,'drive','驾驶',14),(4483,'drop','（使）落下',14),(4484,'dry','干的干燥的，干旱的',14),(4485,'dull','钝的',14),(4486,'dumpling','汤团，饺子',14),(4487,'during','在…的时候',14),(4488,'duty','职责，责任',14),(4489,'each','每',14),(4490,'earn','赚得',14),(4491,'earth','地球',14),(4492,'earthquake','地震',14),(4493,'easy','容易的',14),(4494,'edge','边',14),(4495,'education','教育',14),(4496,'effort','努力，尝试',14),(4497,'Egypt','埃及',14),(4498,'either','（两者之中）任何一个',14),(4499,'email','电子邮件',14),(4500,'embarrassed','局促不安的',14),(4501,'emperor','皇帝，君主',14),(4502,'empty','空的，空虚的，空洞的',14),(4503,'encourage','鼓励，鼓舞',14),(4504,'ending','结局',14),(4505,'engineer','工程师，技师',14),(4506,'England','英格兰',14),(4507,'enjoy','享有，享受',14),(4508,'enjoyable','愉快的，快乐的',14),(4509,'enjoyment','享受',14),(4510,'enough','足够地，充足地',14),(4511,'environment','环境，外界',14),(4512,'equipment','设备，装备',14),(4513,'especially','尤其地',14),(4514,'etiquette','礼仪，礼节',14),(4515,'Europe','欧洲',14),(4516,'ever','永远',14),(4517,'everything','每件事物',14),(4518,'everywhere','到处，处处，无论什么地方',14),(4519,'exam','<口>考试',14),(4520,'examine','检查，调查',14),(4521,'example','例子',14),(4522,'excellent','卓越的',14),(4523,'except','把…除外',14),(4524,'excited','兴奋的，激动的',14),(4525,'exercise','练习',14),(4526,'expect','期望',14),(4527,'expensive','昂贵的，花钱多的',14),(4528,'experience','经验，体验',14),(4529,'explain','讲解，解释',14),(4530,'express','表达',14),(4531,'extra','额外的，补充的，附加的',14),(4532,'eyebrow','眉毛',14),(4533,'eyesight','视觉，视力',14),(4534,'fact','事实，实情',14),(4535,'factory','工厂，制造厂',14),(4536,'fail','失败，不及格',14),(4537,'fair','公平的',14),(4538,'faithful','忠实的',14),(4539,'fall','落下',14),(4540,'family','家庭',14),(4541,'famous','著名的，出名的',14),(4542,'fantastic','极好的',14),(4543,'farm','农场，农庄',14),(4544,'farmer','农场主，农民',14),(4545,'fat','肥的',14),(4546,'favorite','特别喜欢的人（或物）',14),(4547,'fear','害怕',14),(4548,'feature','特征，特点',14),(4549,'feed','喂养',14),(4550,'feeling','感觉，知觉，情绪',14),(4551,'festival','节日',14),(4552,'few','很少的',14),(4553,'field','田',14),(4554,'fight','战斗',14),(4555,'fill','（使）充满，（使）装满',14),(4556,'film','影片',14),(4557,'finally','最后，终于',14),(4558,'find','发现',14),(4559,'fine','好的，上等的',14),(4560,'finish','完成',14),(4561,'fire','火，燃烧物',14),(4562,'fishmen','渔民细心',14),(4563,'fit','（使）适合',14),(4564,'fix','固定',14),(4565,'flag','旗',14),(4566,'flask','瓶，长颈瓶',14),(4567,'fly','飞',14),(4568,'following','后面的，其次的',14),(4569,'force','力',14),(4570,'forest','森林',14),(4571,'forget','忘记，忘却',14),(4572,'form','形状，形式',14),(4573,'formal','（学校教育或培训）正规的',14),(4574,'formula','公式，准则',14),(4575,'found','out',14),(4576,'free time','空闲时间',14),(4577,'free','自由的',14),(4578,'friday','星期五',14),(4579,'fridge','电冰箱',14),(4580,'friendliness','友情，亲切',14),(4581,'friendly','友好的，亲密的',14),(4582,'friendship','友情，友谊',14),(4583,'frog','青蛙',14),(4584,'full','满的，装满的',14),(4585,'fun','乐趣',14),(4586,'future','将来的，未来的',14),(4587,'garden','花园，菜园',14),(4588,'gate','门',14),(4589,'general','大致的',14),(4590,'generous','慷慨的，大方的',14),(4591,'gentleman','先生',14),(4592,'geography','地理（学）',14),(4593,'Germany','德国（欧洲国家）',14),(4594,'gesture','手势，姿势',14),(4595,'glad','高兴的，乐意的',14),(4596,'government','政府',14),(4597,'graduate','渐变',14),(4598,'grammar','语法',14),(4599,'grape','葡萄',14),(4600,'grass','草，青草',14),(4601,'Greece','希腊',14),(4602,'group','组，团体',14),(4603,'grow up','向上生长',14),(4604,'guess','推测',14),(4605,'guest','客人',14),(4606,'guide','引路',14),(4607,'gun','枪',14),(4608,'habit','习惯，习性',14),(4609,'hair','头发，毛发',14),(4610,'half an hour','半小时',14),(4611,'hall','过道，走廊',14),(4612,'hall','过道，走廊',14),(4613,'hand','手',14),(4614,'happen','发生',14),(4615,'happiness','幸福',14),(4616,'hard','困难的',14),(4617,'hardly','几乎不',14),(4618,'harmful','对…有害的',14),(4619,'harness','马具，挽具',14),(4620,'hat','帽子',14),(4621,'hate','仇恨，憎恨',14),(4622,'head','上端',14),(4623,'headache','头痛',14),(4624,'headmaster','（私立学校的）校长',14),(4625,'health','健康状况',14),(4626,'healthcare','卫生保健',14),(4627,'hearing','听力，听觉',14),(4628,'heart','心，心脏',14),(4629,'heavily','在很大程度上',14),(4630,'heavy','重的，沉重的',14),(4631,'helicopter','直升机，直升飞机',14),(4632,'helpful','给予帮助的，有益的',14),(4633,'hen','母鸡',14),(4634,'here','在这里',14),(4635,'hero','英雄，勇士',14),(4636,'hide','隐藏',14),(4637,'hill','小山，山冈',14),(4638,'history','历史，历史学',14),(4639,'hit','打，打击',14),(4640,'hobby','业余爱好',14),(4641,'hold','拿住，握住',14),(4642,'hole','洞，孔',14),(4643,'holiday','假日，休息日',14),(4644,'homeless','无家可归的',14),(4645,'hometown','家乡，故乡',14),(4646,'honest','诚实的',14),(4647,'honesty','诚实，真诚',14),(4648,'honor','尊敬',14),(4649,'hospital','医院',14),(4650,'hostess','女主人',14),(4651,'hotel','旅馆，宾馆，酒店，饭店',14),(4652,'housework','家务劳动',14),(4653,'hurt','损害',14),(4654,'husband','丈夫',14),(4655,'idea','主意，想法',14),(4656,'ill','不好的',14),(4657,'illness','疾病',14),(4658,'imagine','想，设想',14),(4659,'immediately','立即，马上',14),(4660,'impolite','不礼貌的，失礼的，粗鲁的',14),(4661,'importance','重要性',14),(4662,'important','重要的',14),(4663,'improve','提高（土地、地产）的价值',14),(4664,'India','印度（亚洲）',14),(4665,'indoors','在室内，在户内',14),(4666,'industry','工业',14),(4667,'infer','推断',14),(4668,'influence','影响',14),(4669,'information','信息，数据',14),(4670,'insect','虫，昆虫',14),(4671,'inside','里面的，内部的',14),(4672,'insist','坚持',14),(4673,'instead','代替，顶替',14),(4674,'international','国际的',14),(4675,'internet','互联网',14),(4676,'interview','接见',14),(4677,'introduce','提出',14),(4678,'invent','发明，创造',14),(4679,'invention','发明',14),(4680,'inventor','发明家',14),(4681,'invite','邀请',14),(4682,'island','岛，岛屿',14),(4683,'itself','(it的反身形式)',14),(4684,'jacket','短上衣，夹克',14),(4685,'january','一月',14),(4686,'Japanese','日本人，日本国民',14),(4687,'jeans','牛仔裤',14),(4688,'join','连接',14),(4689,'joke','笑话，玩笑',14),(4690,'journey','旅行，旅程行期',14),(4691,'joy','高兴',14),(4692,'juice','果汁',14),(4693,'june','六月',14),(4694,'junior','较年幼的，较年小的',14),(4695,'just','刚才',14),(4696,'key','钥匙',14),(4697,'kindness','仁慈，善行',14),(4698,'kiss','接吻',14),(4699,'kitchen','厨房',14),(4700,'kite','风筝',14),(4701,'knife','刀',14),(4702,'knock','短促的敲打（声）',14),(4703,'lady','（指成年女子，有些人尤其是长者认为这样说比较礼貌）女士',14),(4704,'lake','湖',14),(4705,'lamp','灯',14),(4706,'language','语言，语言文字',14),(4707,'last','末尾',14),(4708,'laugh','笑',14),(4709,'lazy','懒惰的',14),(4710,'lead','领导',14),(4711,'leader','领袖，领导者',14),(4712,'leave','离开',14),(4713,'leg','腿',14),(4714,'lend','把…借给',14),(4715,'less','较少的（little的比较级）',14),(4716,'lesson','教训，训诫',14),(4717,'level','水平，水准',14),(4718,'liar','说谎者',14),(4719,'library','图书馆，藏书楼',14),(4720,'license','许可证，执照',14),(4721,'lift','举起，抬起',14),(4722,'light','光',14),(4723,'list','清单，目录',14),(4724,'listener','听众，倾听者，收听者',14),(4725,'local','地方的',14),(4726,'lock','锁',14),(4727,'lonely','孤独的，孤单的',14),(4728,'loud','响亮的，大声的，高声的',14),(4729,'loudly','高声地',14),(4730,'loudness','高声',14),(4731,'low','低的，矮小的',14),(4732,'lunch','午餐',14),(4733,'machine','机器，机械',14),(4734,'magazine','弹药库',14),(4735,'magic','魔法',14),(4736,'main','主要的，最重要的',14),(4737,'manage','使用',14),(4738,'manager','处理者，经理，管理人',14),(4739,'map','地图，天体图',14),(4740,'market','交易',14),(4741,'match','比赛',14),(4742,'math','数学（等于mathematics）',14),(4743,'maybe','也许',14),(4744,'meal','餐，饭',14),(4745,'mean','表示…的意思',14),(4746,'meaning','意思，意义',14),(4747,'medical','医学的',14),(4748,'medicine','医学',14),(4749,'meet','相遇',14),(4750,'member','成员',14),(4751,'memory','记忆，记忆力',14),(4752,'mend','修理，修补',14),(4753,'mention','提到，说起',14),(4754,'menu','菜单',14),(4755,'message','信息',14),(4756,'method','方法',14),(4757,'microphone','扩音器，麦克风',14),(4758,'middle','中部，中间',14),(4759,'midwife','接生婆',14),(4760,'might','表示可能',14),(4761,'milk','奶',14),(4762,'million','百万',14),(4763,'mind','心，精神，心力，知，智力，智慧',14),(4764,'mine','(I的所有格)我的（东西）',14),(4765,'mirror','镜子，反光镜',14),(4766,'mistake','错误，过失，误解',14),(4767,'misunderstand','误会，误解',14),(4768,'mix','混合',14),(4769,'modern','现代的',14),(4770,'moment','瞬间，片刻',14),(4771,'money','钱',14),(4772,'month','月，月份',14),(4773,'mood','心情',14),(4774,'moon','月亮，月球',14),(4775,'mooncake','月饼',14),(4776,'mosquito','蚊子',14),(4777,'most','最，最多（大）',14),(4778,'mount','登上',14),(4779,'mountain','山，山岳',14),(4780,'mouse','老鼠',14),(4781,'mouth','口',14),(4782,'movement','运动',14),(4783,'movie','电影',14),(4784,'museum','博物馆',14),(4785,'musician','音乐家',14),(4786,'nation','国家',14),(4787,'national','国家的',14),(4788,'nationality','国籍',14),(4789,'natural','自然的',14),(4790,'nearest','最近的，最亲近的',14),(4791,'nearly','几乎，差不多',14),(4792,'necessary','必要的',14),(4793,'neighbor','<美>邻居，邻国',14),(4794,'neither','（两者）都不的',14),(4795,'nervous','焦虑的',14),(4796,'never','从不，从来没有',14),(4797,'newspaper','报纸，报',14),(4798,'nice','美好的，愉快的',14),(4799,'nod','点头',14),(4800,'noise','噪音',14),(4801,'noisy','嘈杂的',14),(4802,'none','没有人，没有一人',14),(4803,'noodle','面条',14),(4804,'normal','正常的',14),(4805,'northern','北方的，北部的',14),(4806,'nothing','没有东西',14),(4807,'notice','注意',14),(4808,'number','数字',14),(4809,'nurse','护士，看护',14),(4810,'object','物体',14),(4811,'offer','提供，给予',14),(4812,'officer','军官，警官',14),(4813,'often','常常',14),(4814,'oil','油',14),(4815,'olive','橄榄',14),(4816,'once','一次，一趟',14),(4817,'online','在线的',14),(4818,'open','敞开的，开着的',14),(4819,'opera','歌剧',14),(4820,'operation','操作，经营',14),(4821,'opportunity','机会',14),(4822,'originaL','原始的',14),(4823,'outdoors','在户外',14),(4824,'outside','在外面',14),(4825,'over','（表示方向）越过',14),(4826,'overtime','超出的时间，额外的时间',14),(4827,'owner','物主，所有人',14),(4828,'Pacific','太平洋',14),(4829,'package','包装',14),(4830,'page','页',14),(4831,'paint','颜料，涂料',14),(4832,'painting','绘画',14),(4833,'paper','纸',14),(4834,'paragraph','段落',14),(4835,'parent','父亲（或母亲）',14),(4836,'park','公园',14),(4837,'partner','伙伴',14),(4838,'passage','（文章的）一段',14),(4839,'passenger','乘客，旅客',14),(4840,'past','过去的，以前的',14),(4841,'patient','有耐性的',14),(4842,'peace','和平',14),(4843,'pear','梨（树）',14),(4844,'pencil','铅笔，彩色铅笔',14),(4845,'perfect','完美的',14),(4846,'performance','表演',14),(4847,'perhaps','或许',14),(4848,'period','时期',14),(4849,'person','人',14),(4850,'personal','个人的，私人的',14),(4851,'personality','生而为人',14),(4852,'photo','照片，相片',14),(4853,'piano','钢琴',14),(4854,'pick up','捡起',14),(4855,'pick','挑选，挑拣',14),(4856,'picnic','野餐郊游',14),(4857,'picture','照片，画像',14),(4858,'pine','松树',14),(4859,'pink','粉红色的',14),(4860,'pity','怜悯',14),(4861,'place','位',14),(4862,'plan','计划',14),(4863,'plane','水平',14),(4864,'plant','植物，草木',14),(4865,'plastic','塑料制品',14),(4866,'plate','盘子，盆子',14),(4867,'play chess','下棋',14),(4868,'player','演员',14),(4869,'playground','操场',14),(4870,'pleasant','可爱的',14),(4871,'pleased','高兴的',14),(4872,'pleasure','愉快',14),(4873,'pocket','口袋',14),(4874,'poem','诗',14),(4875,'point','点',14),(4876,'policeman','（男）警察，警员',14),(4877,'policy','政策',14),(4878,'polite','有礼貌的',14),(4879,'politician','政治家',14),(4880,'pollute','污染',14),(4881,'pond','池塘',14),(4882,'pool','水池',14),(4883,'poor','贫穷的，贫乏的',14),(4884,'popular','流行的，大众化的',14),(4885,'population','人口',14),(4886,'pork','猪肉',14),(4887,'position','位置，方位',14),(4888,'possible','可能的',14),(4889,'post office','邮局',14),(4890,'post','邮件',14),(4891,'potato','马铃薯',14),(4892,'poverty','贫穷',14),(4893,'power','动力，功率',14),(4894,'practice','练习',14),(4895,'praise','赞扬，称赞',14),(4896,'prefer','更喜欢',14),(4897,'prepare','准备',14),(4898,'present','现在的',14),(4899,'price','价格，价钱',14),(4900,'pride','自尊',14),(4901,'primary','首要的，主要的',14),(4902,'print','（由底片印出的）照片',14),(4903,'private','私有的，私人的',14),(4904,'prize','奖赏',14),(4905,'probably','大概',14),(4906,'problem','问题',14),(4907,'produce','生产',14),(4908,'product','产品',14),(4909,'program','程序',14),(4910,'programme','（演出或活动的）程序',14),(4911,'progress','进步',14),(4912,'promise','允诺，许诺',14),(4913,'pronunciation','发音',14),(4914,'proper','适当的',14),(4915,'protect','保护，保卫',14),(4916,'protection','保护',14),(4917,'pround','无路可逃',14),(4918,'prove','证明，证实',14),(4919,'provide','提供，供给',14),(4920,'public','公众的，公共的',14),(4921,'publish','出版，发行',14),(4922,'punish','处罚',14),(4923,'pupil','学生',14),(4924,'puppet','木偶',14),(4925,'purpose','意志',14),(4926,'push','推，推动',14),(4927,'puzzle','使迷惑，使难解',14),(4928,'quarter','四分之一',14),(4929,'question','问题',14),(4930,'quick','快的，急速的',14),(4931,'quiet','清静的',14),(4932,'quilt','被子，棉被',14),(4933,'quite','相当，很',14),(4934,'race','赛跑',14),(4935,'radio','无线电',14),(4936,'rainstorm','暴风雨，大暴雨',14),(4937,'rainy','下雨的，多雨的',14),(4938,'raise','提升',14),(4939,'reach','到达，走到',14),(4940,'reach','到达，走到',14),(4941,'realize','实现',14),(4942,'reason','理由',14),(4943,'recently','最近，近来',14),(4944,'recieve','会接受',14),(4945,'record','记录，记载',14),(4946,'reduce','减少',14),(4947,'refuse','拒绝',14),(4948,'regard','认为',14),(4949,'regret','后悔，悔恨',14),(4950,'relationship','关系',14),(4951,'relative','相关的',14),(4952,'relax','（使）轻松',14),(4953,'remain','剩余物，残骸',14),(4954,'remember','记得',14),(4955,'repair','修理',14),(4956,'repeat','复述，背诵',14),(4957,'reply','回答，答复',14),(4958,'report','报告',14),(4959,'reporter','记者',14),(4960,'research','研究，追究',14),(4961,'respect','尊重',14),(4962,'restaurant','饭店',14),(4963,'result','结果',14),(4964,'return','回来',14),(4965,'review','复习',14),(4966,'rice','稻',14),(4967,'rich','富有的',14),(4968,'right','立刻，马上',14),(4969,'ring','戒指，指环',14),(4970,'risk','危险，冒险',14),(4971,'river','河，江',14),(4972,'road','路',14),(4973,'rock','岩石，石头',14),(4974,'role','作用',14),(4975,'rope','粗绳',14),(4976,'round','圆形的',14),(4977,'rubbish','垃圾',14),(4978,'Russia','(1917年以前的)俄罗斯帝国',14),(4979,'Russian','俄国的，俄罗斯的',14),(4980,'sad','悲哀的',14),(4981,'safe','安全的',14),(4982,'safety','安全',14),(4983,'safety','安全',14),(4984,'salad','色拉',14),(4985,'sale','卖，出卖',14),(4986,'salt','盐',14),(4987,'same','同一的',14),(4988,'sand','沙',14),(4989,'satisfy','使满意，满足',14),(4990,'saturday','星期六，周六',14),(4991,'save','节省',14),(4992,'scarf','围巾，领巾',14),(4993,'science','科学',14),(4994,'scientist','科学家',14),(4995,'score','得分',14),(4996,'seafood','海产食品，海鲜',14),(4997,'sear','烧焦',14),(4998,'secret','秘密，机密',14),(4999,'secretary','秘书',14),(5000,'seed','种子',14),(5001,'seek','寻找，探寻',14),(5002,'seldom','很少，罕见',14),(5003,'sense','感觉，官能',14),(5004,'sensitive','敏感的',14),(5005,'sentence','句子',14),(5006,'separate','分开',14),(5007,'serious','严肃的，严重的',14),(5008,'serve','（为…）服务',14),(5009,'service','服务，服侍',14),(5010,'several','几个的',14),(5011,'shadow','阴影',14),(5012,'shake','动摇',14),(5013,'shall','将要',14),(5014,'shame','羞愧',14),(5015,'share','股',14),(5016,'ship','船',14),(5017,'shirt','衬衫，衬衣',14),(5018,'shopper','（商店的）顾客，买东西的人',14),(5019,'shout','呼喊，叫喊',14),(5020,'show','给…看',14),(5021,'shy','害羞的',14),(5022,'side','面，边',14),(5023,'sign','符号',14),(5024,'silent','沉默的，无言的',14),(5025,'silk','丝，蚕丝',14),(5026,'silly','蠢的',14),(5027,'similar','类似的',14),(5028,'simple','简单的',14),(5029,'since','从…以来',14),(5030,'sing','唱，歌唱，吟诵',14),(5031,'singer','歌手',14),(5032,'single','单一的',14),(5033,'sit','（使）坐',14),(5034,'situation','（人的）情况',14),(5035,'skate','溜冰，滑冰',14),(5036,'skill','技能，技巧',14),(5037,'skillful','灵巧的，熟练的',14),(5038,'skin','皮，皮肤',14),(5039,'sleep','睡，睡觉',14),(5040,'sleepiness','睡意，瞌睡',14),(5041,'sleepy','欲睡的',14),(5042,'slient','虚静',14),(5043,'slow','慢的',14),(5044,'slowly','缓慢地',14),(5045,'smart','聪明的',14),(5046,'smartphone','智能手机',14),(5047,'smell','嗅觉',14),(5048,'smoke','烟',14),(5049,'smooth','光滑的',14),(5050,'snake','蛇',14),(5051,'snow','雪，雪花',14),(5052,'snowy','下雪的',14),(5053,'society','社会',14),(5054,'sock','短袜',14),(5055,'soft','软的，柔软的',14),(5056,'solve','解决',14),(5057,'something','某物，某事',14),(5058,'sound','声音，声响',14),(5059,'sounds good','听起来不错',14),(5060,'soup','汤，羹',14),(5061,'southern','南方的，南部的',14),(5062,'space','空间，太空',14),(5063,'spare time','消遣时间',14),(5064,'spare','节省，俭省',14),(5065,'speaker','说话者',14),(5066,'special','特殊的',14),(5067,'speech','演说，演讲',14),(5068,'speed','速度',14),(5069,'spend','用钱，花钱',14),(5070,'spirit','精神，心灵',14),(5071,'spoon','匙，调羹',14),(5072,'spread','伸开',14),(5073,'spring','春季',14),(5074,'stadium','运动场',14),(5075,'stamp','邮票',14),(5076,'stand','台，看台',14),(5077,'station','车站',14),(5078,'stay','停留',14),(5079,'steal','偷',14),(5080,'step','步，脚步',14),(5081,'stick','粘贴',14),(5082,'stomachache','胃痛，腹痛',14),(5083,'stone','石头',14),(5084,'stop','停止',14),(5085,'storm','暴风雨，暴风雪',14),(5086,'story','故事，传说',14),(5087,'straight','直的',14),(5088,'strange','陌生的，生疏的',14),(5089,'stranger','陌生人，不认识的人',14),(5090,'street','大街，街道',14),(5091,'strict','精确的',14),(5092,'strong','强的',14),(5093,'structure','结构',14),(5094,'subject','主题，话题',14),(5095,'succeed','成功',14),(5096,'success','成功，成就',14),(5097,'successful','成功的，如愿以偿的',14),(5098,'such','这样的',14),(5099,'sudden','突然的，未预见到的',14),(5100,'suddenly','意外地，忽然地',14),(5101,'suggestion','建议，意见',14),(5102,'sunday','星期日，星期天',14),(5103,'sunlight','阳光',14),(5104,'sunny','和煦的：照到阳光的',14),(5105,'sunshine','阳光，日光',14),(5106,'supermarket','超级市场',14),(5107,'suppose','假定',14),(5108,'sure','确信的，确实的',14),(5109,'surprise','使惊奇',14),(5110,'sweet','甜的',14),(5111,'Switzerland','瑞士',14),(5112,'symbol','象征',14),(5113,'table','表，目录',14),(5114,'talent','天资，才能',14),(5115,'tape','带子',14),(5116,'taste','味道',14),(5117,'taxi','出租车',14),(5118,'teach','教',14),(5119,'team','队，组',14),(5120,'tease','取笑，戏弄',14),(5121,'technology','科技（总称）',14),(5122,'telephone','电话',14),(5123,'temperature','温度',14),(5124,'tennis','网球（运动）',14),(5125,'term','学期',14),(5126,'terrible','可怕的',14),(5127,'test','试验',14),(5128,'themselves','他[她，它]们自己',14),(5129,'there','在那里',14),(5130,'thick','浓的，茂密的',14),(5131,'thirsty','口渴的',14),(5132,'though','虽然，尽管',14),(5133,'thread','线',14),(5134,'through','通过，穿过',14),(5135,'throw away','扔掉',14),(5136,'ticket','票，入场券',14),(5137,'tidy','整洁的，整齐的',14),(5138,'tie','关系',14),(5139,'title','标题',14),(5140,'together','同时',14),(5141,'tomorrow','在明天，在明日',14),(5142,'ton','吨',14),(5143,'tonight','今晚，今夜',14),(5144,'toothache','牙痛，牙疼',14),(5145,'touch','触摸',14),(5146,'tourist','旅行者，观光客',14),(5147,'town','城镇，市镇',14),(5148,'toy','玩具，玩物',14),(5149,'trade','贸易',14),(5150,'tradition','传统',14),(5151,'traditional','传统的',14),(5152,'traffic','交通，运输量',14),(5153,'train','火车',14),(5154,'training','训练',14),(5155,'travel','旅行',14),(5156,'treat','款待',14),(5157,'trip','旅游',14),(5158,'trouble','麻烦',14),(5159,'truth','真理',14),(5160,'twice','两次',14),(5161,'typical','典型的',14),(5162,'umbrella','雨伞',14),(5163,'underground','地下的',14),(5164,'underline','在…下面画线',14),(5165,'understand','懂，理解',14),(5166,'unfair','不公正的，不公平的',14),(5167,'unhappy','不幸的，悲惨的',14),(5168,'uniform','制服',14),(5169,'university','综合性大学',14),(5170,'unless','除非，如果不',14),(5171,'unlike','（表示属性）与…不同',14),(5172,'unlucky','不幸运的，倒霉的',14),(5173,'until','到…为止',14),(5174,'unusual','不常见的，不普通的',14),(5175,'use','使用',14),(5176,'useful','有益的，有帮助的',14),(5177,'usual','通常的',14),(5178,'usually','通常，经常',14),(5179,'vacation','假期，休假',14),(5180,'valuable','贵重的，宝贵的',14),(5181,'value','价值，价格',14),(5182,'village','村民',14),(5183,'villager','村民',14),(5184,'violin','小提琴',14),(5185,'visit','访问',14),(5186,'visitor','访问者',14),(5187,'vitamin','维生素',14),(5188,'voice','嗓音',14),(5189,'vollyball','排球',14),(5190,'volunteer','志愿者',14),(5191,'wait','等候',14),(5192,'waiter','侍者',14),(5193,'wake up','醒来',14),(5194,'walk','走',14),(5195,'warmth','温暖，暖和',14),(5196,'warn','警告，告诫',14),(5197,'wash','洗，清洗',14),(5198,'waste','浪费，挥霍',14),(5199,'weak','柔弱的，虚弱的',14),(5200,'wealth','财产，财富',14),(5201,'wear','穿着，戴着',14),(5202,'weather','天气',14),(5203,'website','[通信]网站',14),(5204,'weekend','周末',14),(5205,'weigh','称…的重量',14),(5206,'welcome','欢迎',14),(5207,'well','好',14),(5208,'west','西方',14),(5209,'western','西方的',14),(5210,'wet','湿的',14),(5211,'whatever','无论什么',14),(5212,'wheat','小麦',14),(5213,'wheel','轮子',14),(5214,'whether','其中的哪一个',14),(5215,'which','哪一个',14),(5216,'while','在…期间',14),(5217,'whose','谁的',14),(5218,'wide','宽的',14),(5219,'wide','宽的',14),(5220,'wife','妻子，太太',14),(5221,'wild','野生的',14),(5222,'windy','有风的',14),(5223,'wine','葡萄酒',14),(5224,'wing','翅膀，翼',14),(5225,'winner','获胜的人',14),(5226,'wish','希望',14),(5227,'without','在外部',14),(5228,'wonder','奇妙的',14),(5229,'wonderful','极好的，精彩的',14),(5230,'wood','木材',14),(5231,'word','单词',14),(5232,'worldwide','全世界的',14),(5233,'worse','更坏的',14),(5234,'worth','值得的',14),(5235,'wreath','花环',14),(5236,'write','写',14),(5237,'writer','作家',14),(5238,'wrong','有毛病的，失常的',14),(5239,'yard','院子',14),(5240,'young','年幼的',14),(5241,'yourself','你自己',14),(5242,'zero','（数字）0',14),(5243,'address','地址',15),(5244,'alphabet','字母表',15),(5245,'and','和，与',15),(5246,'applause','热烈鼓掌',15),(5247,'arm','臂',15),(5248,'at','（表示位置）在',15),(5249,'AutomaticTestEquipment','自动试验设备',15),(5250,'autumn','秋',15),(5251,'baby','婴儿',15),(5252,'bag','袋，囊，枕套',15),(5253,'bake','烤，烘焙',15),(5254,'ban','禁止，下令禁止',15),(5255,'base','基础',15),(5256,'bat','蝙蝠',15),(5257,'bathmat','浴室防滑垫',15),(5258,'bath','沐浴',15),(5259,'bay','湾，海湾',15),(5260,'beach','海滩，海滨',15),(5261,'beat','（心脏等）跳动',15),(5262,'bed','床',15),(5263,'bee','蜜蜂',15),(5264,'beg','乞求',15),(5265,'bench','（木制）长凳，工作台',15),(5266,'bike','自行车',15),(5267,'bird','鸟，禽;',15),(5268,'birthday','生日',15),(5269,'bite','叮咬',15),(5270,'black','黑（色）的',15),(5271,'blame','指责，责怪',15),(5272,'blanket','毛毯，毯子',15),(5273,'bleach','漂白',15),(5274,'blond','亚麻色的，金色的',15),(5275,'blouse','宽松的上衣',15),(5276,'blue','蓝色',15),(5277,'boat','小船，小艇',15),(5278,'boil','煮沸，沸腾',15),(5279,'bomb','炸弹',15),(5280,'book','书',15),(5281,'boom','发出隆隆声',15),(5282,'bowl','碗',15),(5283,'boytoy','男孩玩具',15),(5284,'breath','呼吸',15),(5285,'brick','砖，砖块',15),(5286,'bride','新娘',15),(5287,'brimbread','边缘面包',15),(5288,'brook','容忍，忍受',15),(5289,'brother','兄弟',15),(5290,'brown','棕色的',15),(5291,'cake','蛋糕',15),(5292,'call','呼唤，喊叫',15),(5293,'came','来(come的过去式)',15),(5294,'camp','营地，工地宿舍',15),(5295,'can','能',15),(5296,'cap','盖',15),(5297,'cape','斗篷',15),(5298,'card','卡片',15),(5299,'cart','运货马车，手推车',15),(5300,'car','汽车',15),(5301,'cat','猫',15),(5302,'chair','椅子',15),(5303,'cheese','芝士',15),(5304,'cherry','樱桃',15),(5305,'chicken','鸡肉',15),(5306,'church','[宗]教堂',15),(5307,'circle','圆',15),(5308,'circus','马戏，马戏团',15),(5309,'clap','拍手，鼓掌',15),(5310,'clay','黏土，泥土',15),(5311,'clean','干净的',15),(5312,'climb','攀登',15),(5313,'clock','钟，时钟',15),(5314,'close','紧密的',15),(5315,'cloudy','多云的',15),(5316,'cloud','云',15),(5317,'clown','丑角，小丑',15),(5318,'coal','煤',15),(5319,'coat','上衣，外套',15),(5320,'coin','硬币',15),(5321,'comb','梳子',15),(5322,'cook','烹调',15),(5323,'cool','冷静的',15),(5324,'count','总数',15),(5325,'cowboy','牛仔',15),(5326,'cow','奶牛，乳牛',15),(5327,'crab','蟹，蟹肉',15),(5328,'crayon','彩色蜡笔或粉笔',15),(5329,'cream','乳霜',15),(5330,'crocodile','鳄鱼',15),(5331,'croissant','升序',15),(5332,'crown','王冠',15),(5333,'crow','乌鸦',15),(5334,'cry','哭',15),(5335,'cube','立方形，立方体',15),(5336,'cup','杯子',15),(5337,'cute','漂亮的',15),(5338,'dad','爸爸',15),(5339,'dame','夫人，女士',15),(5340,'day','一天',15),(5341,'die','死',15),(5342,'dinner','正餐，主餐',15),(5343,'dirty','恶劣的',15),(5344,'dirt','泥土',15),(5345,'dish','菜肴',15),(5346,'dive','潜入',15),(5347,'dizzy','头昏眼花的',15),(5348,'donkey','驴，毛驴',15),(5349,'dose','剂量，药量',15),(5350,'draw','绘画',15),(5351,'dream','梦想',15),(5352,'drink','喝（酒）',15),(5353,'driver','驾驶员，司机',15),(5354,'drive','驾驶',15),(5355,'drop','（使）落下',15),(5356,'drum','鼓',15),(5357,'dry','干燥的，干旱的',15),(5358,'duck','鸭子，野鸭',15),(5359,'dumpling','汤团，饺子',15),(5360,'Eagle','鹰',15),(5361,'eat','吃，喝',15),(5362,'egg','鸡蛋',15),(5363,'elephant','象，大象',15),(5364,'fall','落下',15),(5365,'fan','扇子，风扇',15),(5366,'farm','农场，农庄',15),(5367,'fat','胖的',15),(5368,'father','父亲',15),(5369,'few','很少',15),(5370,'fight','吵架斗争',15),(5371,'fine','不错还好',15),(5372,'fish','鱼',15),(5373,'five','五',15),(5374,'flag','标签',15),(5375,'flame','火焰',15),(5376,'flat','平的',15),(5377,'flight','航班',15),(5378,'floor','地面，地板',15),(5379,'flower','花',15),(5380,'flute','长笛，长笛吹奏者',15),(5381,'flu','流行性感冒，流感',15),(5382,'food','食物，食品',15),(5383,'foolish','愚蠢的',15),(5384,'fool','愚人，傻瓜',15),(5385,'foot','脚',15),(5386,'fork','餐叉',15),(5387,'fort','堡垒，要塞',15),(5388,'fountain','喷泉',15),(5389,'frame','框架',15),(5390,'french','法语',15),(5391,'friend','朋友',15),(5392,'front','前面',15),(5393,'frost','使结冰霜',15),(5394,'fruit','成果',15),(5395,'game','游戏',15),(5396,'gap','缺口',15),(5397,'garden','花园，菜园',15),(5398,'gate','大门',15),(5399,'girl','女孩',15),(5400,'glass','玻璃',15),(5401,'globe','球，球状物',15),(5402,'glove','手套',15),(5403,'glue','线索',15),(5404,'goal','目标，目的',15),(5405,'goat','山羊',15),(5406,'good','好的',15),(5407,'grandfather','（外）祖父',15),(5408,'grandma','奶奶，外婆',15),(5409,'grandmother','（外）祖母',15),(5410,'grandpa','<非正>爷爷，外公',15),(5411,'grape','葡萄',15),(5412,'grass','草，青草',15),(5413,'gray','灰色',15),(5414,'green','绿色',15),(5415,'ground','地面，土地',15),(5416,'grow','种植',15),(5417,'gun','枪炮',15),(5418,'hand','手',15),(5419,'happy','幸福的',15),(5420,'hat','帽子',15),(5421,'hate','讨厌憎恨',15),(5422,'hay','干草',15),(5423,'head','头',15),(5424,'high','高',15),(5425,'hockey','曲棍球',15),(5426,'hollow','空的',15),(5427,'home','家',15),(5428,'hook','钩，铁钩',15),(5429,'horn','角，触角',15),(5430,'horse','马',15),(5431,'house','房屋',15),(5432,'how','怎样',15),(5433,'huge','巨大的',15),(5434,'hurt','损害',15),(5435,'interview','采访',15),(5436,'jail','监狱',15),(5437,'jeep','吉普',15),(5438,'jockey','赛马骑师',15),(5439,'jugn.','大罐',15),(5440,'juice','果汁',15),(5441,'jump','跳',15),(5442,'key','钥匙',15),(5443,'kite','风筝',15),(5444,'knee','膝盖',15),(5445,'knife','刀',15),(5446,'knock','短促的敲打（声）',15),(5447,'know','知道',15),(5448,'ladder','梯子，阶梯',15),(5449,'lake','湖',15),(5450,'lamb','羔羊，小羊',15),(5451,'land','陆地',15),(5452,'late','晚的，迟到的',15),(5453,'lawn','草地，草坪',15),(5454,'lay','放置',15),(5455,'leaf','树叶',15),(5456,'leg','大腿',15),(5457,'lie','谎言',15),(5458,'like','喜欢像',15),(5459,'look','看，瞧',15),(5460,'low','低的，矮小的',15),(5461,'lunch','午餐',15),(5462,'maid','女仆，侍',15),(5463,'make','做，制造',15),(5464,'man','男人',15),(5465,'map','地图',15),(5466,'marker','标识，标记',15),(5467,'mat','席子，垫子',15),(5468,'mate','伙伴，同事',15),(5469,'meat','肉',15),(5470,'meeting','会议',15),(5471,'meet','遇见',15),(5472,'mine','我的',15),(5473,'monkey','猴',15),(5474,'moon','月亮，月球',15),(5475,'morning','早晨',15),(5476,'mother','母亲，妈妈',15),(5477,'mouse','老鼠',15),(5478,'mouth','口',15),(5479,'mum','妈妈',15),(5480,'my','我的',15),(5481,'nail','钉子',15),(5482,'nake','德威',15),(5483,'name','名字',15),(5484,'nap','小睡，打盹',15),(5485,'naughty','顽皮的',15),(5486,'newspaper','报纸，报',15),(5487,'news','新闻',15),(5488,'new','新的，崭新的',15),(5489,'nice','棒',15),(5490,'night','夜晚',15),(5491,'nine','九',15),(5492,'nose','鼻子',15),(5493,'note','笔记',15),(5494,'now','现在',15),(5495,'number','数字',15),(5496,'numb','麻木的，失去感觉的',15),(5497,'nurse','护士，看护',15),(5498,'obey','服从，听从',15),(5499,'oil','油',15),(5500,'out','出局',15),(5501,'owl','猫头鹰',15),(5502,'oyster','牡蛎',15),(5503,'pack','一群',15),(5504,'paint','颜料，涂料',15),(5505,'pain','痛苦',15),(5506,'pan','平底锅',15),(5507,'park','公园',15),(5508,'paste','面团',15),(5509,'pate','秃顶，光顶',15),(5510,'pat','轻拍，爱抚',15),(5511,'paw','爪子',15),(5512,'pay','付款',15),(5513,'peach','桃子',15),(5514,'peanut','花生',15),(5515,'pear','梨（树）',15),(5516,'pea','豌豆，豌豆类',15),(5517,'peel','削皮',15),(5518,'phone','电话',15),(5519,'photo','照片，相片',15),(5520,'pie','派糕点',15),(5521,'pillow','枕头',15),(5522,'planet','[天]行星',15),(5523,'plane','水平',15),(5524,'plant','植物，草木',15),(5525,'plate','盘子，盆子',15),(5526,'platform','台',15),(5527,'play','比赛',15),(5528,'plum','李子，李树',15),(5529,'plus','（表示运算）加',15),(5530,'point','点',15),(5531,'pony','矮种马，小型马',15),(5532,'pork','猪肉',15),(5533,'pose','姿势',15),(5534,'poster','海报，公告',15),(5535,'prawn','对虾，明虾',15),(5536,'pray','祈祷，祷告',15),(5537,'press','压，按',15),(5538,'price','价格，价钱',15),(5539,'princess','公主',15),(5540,'prince','王子',15),(5541,'puppy','小狗，幼犬',15),(5542,'purse','钱包，钱袋',15),(5543,'push','推，推动',15),(5544,'queen','女王',15),(5545,'rail','围栏',15),(5546,'rainbow','彩虹',15),(5547,'rain','雨',15),(5548,'ran','跑(run的过去式)',15),(5549,'rap','突然说出',15),(5550,'rate','速度',15),(5551,'ray','（热或其他能量的）射线',15),(5552,'read','阅读，朗读',15),(5553,'red','红色的',15),(5554,'rice','米饭',15),(5555,'ride','骑行',15),(5556,'right','正确右边',15),(5557,'road','路',15),(5558,'rode','骑(ride的过去式)',15),(5559,'roe','獐',15),(5560,'room','房间',15),(5561,'rooster','公鸡',15),(5562,'rose','玫瑰',15),(5563,'row','行，排',15),(5564,'ruler','尺',15),(5565,'run','跑',15),(5566,'same','同一的',15),(5567,'sand','沙',15),(5568,'sausage','香肠，腊肠',15),(5569,'saw','锯',15),(5570,'say','说，讲',15),(5571,'scale','规模',15),(5572,'scarf','围巾，领巾',15),(5573,'scoop','勺',15),(5574,'seat','席位，座位',15),(5575,'sea','海',15),(5576,'see','看见',15),(5577,'ship','船',15),(5578,'shirt','衬衫，衬衣',15),(5579,'shoes','鞋子',15),(5580,'shopping','购物，买东西',15),(5581,'shop','商店',15),(5582,'short','短的，短暂的',15),(5583,'shoulder','肩膀',15),(5584,'shout','呼喊，叫喊',15),(5585,'shovel','铲子，铁锹',15),(5586,'show','给…看',15),(5587,'shy','害羞的',15),(5588,'side','边',15),(5589,'sister','姐妹',15),(5590,'skirt','裙子',15),(5591,'slap','掌掴',15),(5592,'sleep','睡，睡觉',15),(5593,'slide','滑落',15),(5594,'slope','斜坡',15),(5595,'slow','慢的',15),(5596,'small','小的',15),(5597,'smell','嗅觉',15),(5598,'smile','微笑，笑容',15),(5599,'smoke','烟',15),(5600,'smooth','光滑的',15),(5601,'snack','小点心',15),(5602,'snail','蜗牛',15),(5603,'snake','蛇',15),(5604,'sneakers','旅游鞋，运动鞋',15),(5605,'snore','打呼噜，打鼾',15),(5606,'snowman','雪人',15),(5607,'snow','雪，雪花',15),(5608,'soap','肥皂',15),(5609,'soil','泥土',15),(5610,'soy','大豆',15),(5611,'space','空间，太空',15),(5612,'spider','蜘蛛',15),(5613,'spy','间谍',15),(5614,'stake','桩',15),(5615,'stamp','邮票',15),(5616,'stand','台，看台',15),(5617,'star','星',15),(5618,'stick','粘贴',15),(5619,'stocking','长袜',15),(5620,'store','商店',15),(5621,'straw','稻草',15),(5622,'student','学生，大学生',15),(5623,'suitcase','手提箱',15),(5624,'suit','一套外衣',15),(5625,'summer','夏，夏天',15),(5626,'sunny','和煦的：照到阳光的',15),(5627,'sun','太阳，阳光',15),(5628,'swallow','吞，咽',15),(5629,'swam','游泳(swim的过去式)',15),(5630,'swan','天鹅',15),(5631,'sweater','毛衣，运动衫',15),(5632,'sweat','流汗，渗出',15),(5633,'sweets','糖果',15),(5634,'sweet','甜的',15),(5635,'swim','游泳',15),(5636,'swing','（使）摇摆',15),(5637,'switch','开关',15),(5638,'tail','尾',15),(5639,'take','拿，取',15),(5640,'tall','身材高大的',15),(5641,'tame','驯服的',15),(5642,'tape','带子',15),(5643,'tap','开发',15),(5644,'taste','味道',15),(5645,'tea','茶水',15),(5646,'telephone','电话',15),(5647,'thank','谢谢，感谢',15),(5648,'these','这些',15),(5649,'they','他们',15),(5650,'thief','贼',15),(5651,'thirty','三十',15),(5652,'three','三',15),(5653,'thumb','拇指',15),(5654,'tight','紧',15),(5655,'time','时间次',15),(5656,'toad','蟾蜍，癞蛤蟆',15),(5657,'toast','干杯',15),(5658,'towel','毛巾，手巾',15),(5659,'tower','塔，楼塔',15),(5660,'tractor','拖拉机',15),(5661,'train','火车',15),(5662,'tray','盘子',15),(5663,'tree','树',15),(5664,'triangle','三角形',15),(5665,'trolley','手推车',15),(5666,'truck','货车',15),(5667,'trunk','树干',15),(5668,'try','试图，努力',15),(5669,'tube','管，管状物',15),(5670,'turkey','火鸡',15),(5671,'turtle','[动]龟',15),(5672,'type','类型',15),(5673,'uncle','叔叔',15),(5674,'under','在…下面，在表面之下',15),(5675,'van','先锋',15),(5676,'vase','装饰瓶，花瓶',15),(5677,'view','视角',15),(5678,'wake','醒，醒来',15),(5679,'wall','墙',15),(5680,'water','水',15),(5681,'way','道路',15),(5682,'week','星期，周',15),(5683,'whale','[动]鲸，鲸鱼',15),(5684,'wheat','小麦',15),(5685,'wheel','车轮',15),(5686,'when','当什么的时候',15),(5687,'Whisper','耳语',15),(5688,'whistle','口哨',15),(5689,'white','白色',15),(5690,'window','窗，窗户',15),(5691,'winter','冬，冬天',15),(5692,'wrap','包',15),(5693,'wreath','花环',15),(5694,'wrinkle','皱纹',15),(5695,'wrist','腕，手腕',15),(5696,'write','写',15),(5697,'yellow','黄色的',15),(5698,'zoo','动物园',15);

/*!40101 SET SQL_MODE=@OLD_SQL_MODE */;
/*!40014 SET FOREIGN_KEY_CHECKS=@OLD_FOREIGN_KEY_CHECKS */;
/*!40014 SET UNIQUE_CHECKS=@OLD_UNIQUE_CHECKS */;
/*!40111 SET SQL_NOTES=@OLD_SQL_NOTES */;

/* Add student points; */;
ALTER TABLE student ADD COLUMN points BIGINT;

/* add managerpassword */
INSERT  INTO `teacher`(`account`,`password`) VALUES ('managerpassword','123456');
